v1,v2,v3,v4,v5,v6,v7,v8,y9,v10,v11,v12,v13,v14,v15
115.256,50.069,27.878,66.378,54.062,36.815,33.427,65.891,19.979,20.095,34.428,77.797,33.614,144.37,165.914
131.831,37.026,22.555,70.691,60.941,37.888,41.627,50.655,20.416,22.117,42.485,82.092,48.746,142.905,189.861
102.198,53.582,27.036,80.484,58.967,45.112,36.803,67.855,21.48,21.821,42.329,70.697,48.833,109.537,154.372
86.584,51.327,18.473,74.482,64.356,44.371,32.699,58.05,22.196,16.52,55.954,66.662,59.838,108.138,166.382
90.806,49.7,27.666,96.882,46.917,34.718,30.608,59.269,20.584,23.555,47.069,96.164,53.973,126.208,158.023
102.514,58.546,28.249,73.264,61.642,39.189,32.762,58.794,19.54,17.459,42.871,73.331,43.602,112.775,181.761
101.994,53.745,27.593,77.496,61.96,35.977,33.814,45.543,22.252,20.263,49.959,73.867,50.872,137.527,178.005
100.146,51.308,22.011,93.604,46.638,46.621,35.041,52.578,16.221,18.569,39.888,88.662,50.378,124.348,164.161
92.36,54.681,29.551,75.479,72.445,41.289,32.02,48.09,20.344,19.897,55.272,94.068,52.619,146.2,137.206
86.31,48.004,18.528,71.361,64.892,40.413,37.931,64.796,21.5,19.512,42.051,87.905,48.958,86.687,151.662
124.972,53.93,21.609,83.891,53.319,43.212,40.23,66.156,22.699,19.026,37.968,88.327,58.023,128.961,152.824
96.356,50.189,20.601,39.496,43.238,39.619,36.805,49.395,19.83,19.656,47.218,88.789,44.607,130.649,134.842
98.581,55.432,30.421,81.748,69.162,47.036,41.458,53.743,20.374,20.08,58.541,87.254,45.096,112.989,129.18
77.241,38.876,29.277,67.923,66.756,34.07,34.528,52.347,19.103,17.554,42.811,73.469,37.204,118.251,148.551
96.378,50.795,29.773,72.13,71.145,42.621,49.105,61.438,20.141,26.394,51.558,113.796,65.81,130.671,170.953
119.301,47.018,27.616,71.979,56.071,39.489,35.064,56.617,20.326,21.17,51.845,83.614,44.637,126.306,169.616
98.682,50.083,27.413,69.716,58.042,41.628,30.746,47.671,18.953,21.217,52.251,70.587,43.836,84.067,150.641
84.159,43.869,22.156,64.97,47.912,30.209,35.673,70.831,17.729,18.991,40.767,64.712,47.53,143.104,171.85
106.041,46.394,24.247,73.434,50.349,36.118,40.346,63.409,25.465,17.272,52.595,97.202,60.5,99.464,191.287
87.194,67.889,27.437,87.438,64.739,35.998,35.71,47.401,18.724,20.562,45.79,74.561,56.143,127.199,116.913
90.538,33.875,20.092,51.904,53.954,30.16,36.123,37.811,17.079,17.111,35.97,46.024,38.881,163.02,165.069
105.582,48.429,23.177,99.659,63.206,50.219,30.675,47.055,17.593,21.658,54.012,82.987,51.131,141.056,169.556
108.214,47.834,21.887,83.506,45.471,39.03,35.848,60.816,23.767,22.255,46.735,85.755,53.303,125.191,180.443
107.743,52.029,28.744,81.15,73.405,34.133,37.653,55.097,16.316,21.291,47.091,79.939,51.447,122.56,142.187
116.147,53.769,30.4,91.111,68.942,45.472,30.735,54.047,23.687,21.769,58.61,94.417,50.435,131.76,161.746
99.72,46.932,23.245,56.634,54.48,35.677,35.13,44.517,22.417,18.73,49.612,70.929,57.167,130.777,195.766
113.286,47.722,24.84,95.666,48.804,41.077,36.859,54.776,17.805,19.125,44.571,81.074,48.543,137.336,151.443
110.47,52.707,29.331,79.091,50.465,44.118,30.961,54.948,18.13,21.638,46.221,87.674,46.544,88.155,125.316
85.672,47.3,24.674,93.033,79.799,46.253,37.382,54.629,24.068,21.674,46.301,94.861,63.199,124.332,144.909
82.007,43.295,23.177,74.149,56.915,42.172,31.401,58.742,21.622,20.188,49.725,55.751,47.065,131.275,162.105
88.468,48.192,18.979,66.527,69.68,34.12,46.876,50.757,16.227,20.551,44.458,76.732,33.881,128.338,160.283
93.244,46.751,20.012,60.882,56.901,35.269,38.074,53.582,23.092,23.376,52.882,81.413,51.867,121.177,175.895
89.157,48.589,21.91,79.688,48.861,38.786,33.439,51.833,13.319,22.034,43.087,73.529,40.364,102.876,135.288
110.93,43.418,27.901,99.659,58.956,38.752,34.847,54.335,17.216,23.01,53.854,74.12,55.413,127.844,153.864
96.72,45.166,26.362,85.919,59.19,35.22,30.849,66.035,23.588,19.058,56.651,63.753,48.577,80.236,160.339
94.105,40.536,29.112,79.845,46.089,47.815,32.373,75.03,22.096,16.902,46.811,93.201,48.846,103.956,132.12
65.871,38.679,24.211,82.102,63.533,36.971,30.416,57.902,19.126,17.551,40.661,75.699,46.015,142.806,159.906
114.031,57.423,30.118,70.395,55.968,48.702,40.759,64.113,23.557,20.492,36.01,74.688,57.867,123.669,135.269
83.502,47.968,29.771,58.456,59.622,43.312,37.294,41.344,20.322,22.677,43.123,79.143,51.313,129.549,135.179
127.822,59.547,28.606,68.28,52.222,34.963,38.948,50.342,17.175,20.316,31.406,75.308,43.832,117.701,166.988
111.066,56.994,28.121,78.952,55.915,31.744,30.135,55.079,22.052,20.895,43.9,86.423,41.173,171.208,141.764
100.036,57.715,25.513,72.148,61.17,35.709,31.014,61.088,22.302,27.756,45.853,78.007,51.146,109.401,127.88
85.873,40.024,27.443,58.543,59.811,33.035,26.083,45.908,19.449,14.891,48.57,87.247,53.997,147.731,138.204
112.704,55.672,28.538,87.329,62.268,46.827,36.664,73.523,25.361,21.862,49.713,85.244,68.832,127.988,178.888
99.503,45.82,20.394,77.596,56.221,50.931,34.768,57.793,22.346,21.411,47.273,87.666,51.945,129.207,149.648
99.587,44.356,20.372,75.687,58.947,49.247,36.518,51.186,20.889,16.736,30.943,73.334,50.189,113.395,92.535
106.084,56.749,25.752,80.467,48.077,35.358,36.622,53.277,20.079,25.625,52.416,96.154,60.065,127.255,141.34
88.229,36.635,19.579,64.942,52.784,37.906,36.085,41.766,19.469,17.141,39.209,69.621,28.731,170.066,132.508
109.953,63.003,27.173,69.223,52.988,46.408,34.904,51.484,19.547,24.645,41.374,91.71,58.542,132.6,180.093
110.103,43.086,19.928,86.436,75.153,46.101,28.01,49.622,20.154,18.432,46.104,88.103,54.147,99.087,131.589
111.481,45.83,26.455,74.641,56.742,47.374,37.503,63.957,25.711,25.144,55.352,82.117,39.974,91.675,146.554
85.433,39.477,28.658,61.064,61.226,41.362,40.994,43.609,10.218,15.95,40.557,69.803,43.621,124.388,118.003
109.576,58.929,25.272,95.683,68.288,31.408,33.714,55.423,24.392,18.809,37.553,90.215,51.379,99.325,127.288
85.966,39.958,28.56,79.721,50.172,41.558,38.474,60.657,21.441,24.019,34.726,97.686,44.369,129.217,129.481
134.339,56.468,28.963,88.688,53.159,42.652,32.678,62.455,22.283,20.82,40.508,66.761,40.083,127.439,139.6
102.542,41.464,23.666,72.624,47.259,41.555,38.938,54.998,26.98,20.238,42.436,78.193,48.087,124.1,161.13
104.695,48.98,22.736,88.236,48.986,40.372,29.657,46.942,25.828,21.501,49.585,81.062,56.941,126.878,126.609
109.32,48.647,27.524,89.858,53.673,33.617,22.543,63.187,18.901,20.184,45.143,118.675,47.937,134.486,148.626
90.452,35.349,24.691,73.591,62.878,37.231,36.328,43.964,22.353,21.333,41.99,65.251,55.029,114.865,171.567
65.903,39.078,20.741,44.419,67.75,38.999,24.882,45.806,14.907,17.362,45.496,70.688,40.802,139.935,142.108
122.078,53.467,24.5,71.615,63.2,41.445,27.587,62.448,16.195,16.853,42.929,75.492,52.578,112.468,121.973
91.002,46.396,27.939,84.315,75.696,47.22,41.451,54.134,23.822,15.622,47.374,96.123,52.354,138.356,145.786
110.625,54.079,23.786,93.791,56.96,42.517,34.589,54.213,25.15,21.492,54.625,84.015,51.381,137.112,149.796
112.86,41.167,24.151,77.004,54.231,36.24,29.848,48.166,15.203,18.384,40.624,90.659,49.351,116.292,149.018
114.555,55.357,29.026,79.951,59.6,30.645,35.636,53.17,22.841,21.638,56.292,73.636,51.557,162.266,123.259
89.877,37.973,29.46,77.074,52.219,39.747,28.509,67.396,20.141,17.468,36.812,67.906,34.777,118.05,127.352
65.585,29.769,22.442,85.963,51.547,43.566,38.427,42.537,18.871,19.366,41.949,60.1,40.731,135.135,148.654
117.162,54.223,30.961,74.778,61.08,41.028,38.184,54.958,21.335,19.18,52.431,92.579,57.461,119.192,167.093
82.867,36.523,20.152,69.449,48.965,34.879,30.291,58.081,19.856,18.563,42.016,71.234,41.615,137.63,144.907
101.331,46.367,23.629,82.325,62.605,34.097,34.958,58.222,22.971,16.454,54.952,89.825,55.968,103.964,145.26
91.434,53.429,30.13,66.554,59.15,34.94,35.023,52.458,19.212,20.799,53.668,65.976,56.123,130.948,125.345
114.527,56.438,25.673,63.422,52.307,27.761,31.759,56.719,14.255,16.441,59.27,74.288,49.619,105.521,134.114
115.558,52.616,29.322,81.915,72.95,50.664,39.718,58.015,20.747,20.367,35.528,77.589,35.197,105.92,127.848
89.135,46.441,19.365,57.339,48.115,39.284,36.447,36.685,12.857,13.739,47.663,70.724,46.36,103.791,153.079
124.091,50.365,22.01,80.098,61.407,55.755,30.949,48.816,20.374,16.543,40.855,89.446,60.635,126.281,126.465
82.857,50.121,22.104,76.931,40.749,24.083,25.423,51.76,21.236,22.211,36.531,75.823,36.513,101.704,225.668
105.796,56.414,27.793,72.354,62.634,47.355,36.724,59.439,19.119,23.382,53.668,84.5,52.493,143.159,161.872
74.864,48.15,23.953,73.242,55.281,35.937,36.521,60.5,20.47,20.894,42.915,80.493,35.368,142.625,178.476
119.586,53.598,26.679,77.56,46.698,37.299,35.127,57.977,23.9,27.338,45.265,64.181,53.632,117.925,142.066
97.293,62.721,23.394,73.455,75.537,42.862,31.234,49.848,23.899,15.727,51.715,93.252,52.712,117.221,179.335
117.082,60.006,22.011,73.713,62.324,35.437,29.524,66.014,20.75,16.675,51.988,71.378,54.724,148.972,174.405
118.723,56.934,30.056,64.561,67.115,38.634,39.921,46.939,20.428,21.97,55.972,98.889,52.602,114.842,139.612
91.332,44.213,22.846,100.922,72.333,40.272,28.965,58.281,15.608,21.617,70.998,85.773,49.706,123.883,152.004
101.525,63.336,25.551,75.292,60.236,43.991,24.738,52.682,16.198,22.361,47.884,70.215,48.24,140.721,192.015
91.823,62.907,27.594,78.476,68.741,31.995,33.975,53.477,18.666,18.589,46.387,82.901,52.876,116.331,145.629
113.649,38.635,20.778,61.939,49.278,29.512,28.659,56.916,15.175,18.548,31.009,81.197,39.053,119.788,123.685
117.028,55.363,30.065,62.763,61.323,41.304,37.265,37.375,12.48,19.585,46.458,83.504,48.174,129.621,107.122
100.212,42.761,14.962,79.067,45.682,34.36,29.244,49.961,13.602,15.409,40.032,49.152,38.515,105.826,179.762
124.137,49.385,18.768,87.044,56.145,34.721,32.525,62.685,20.222,19.848,47.254,79.591,42.389,118.234,172.408
121.541,55.17,23.203,88.172,67.498,54.477,42.022,51.742,21.326,21.178,40.688,78.832,46.027,128.84,166.413
96.043,55.879,26.386,83.502,52.976,37.875,45.923,44.664,19.912,18.611,38.327,79.167,47.99,125.803,111.299
101.24,43.466,16.824,79.739,50.226,38.212,33.433,54.832,17.603,18.751,37.042,78.851,39.147,136.592,159.491
117.516,44.06,24.577,87.075,61.792,39.191,32.816,48.314,21.265,20.412,44.127,83.279,56.151,114.721,165.167
83.616,42.057,24.695,67.424,67.852,34.77,36.057,51.658,20.881,22.329,31.637,70.968,40.835,103.417,131.298
108.055,63.609,28.788,77.904,65.097,51.582,41.63,62.073,22.181,23.098,49.294,88.653,66.205,141.57,131.443
99.321,49.13,23.607,81.754,66.347,34.937,35.468,48.454,19.595,18.154,36.042,58.547,48.927,124.827,147.767
104.246,34.086,21.699,68.311,65.195,27.043,30.445,49.014,17.108,14.584,47.653,86.931,50.355,134.656,182.5
105.511,51.538,24.518,68.891,52.026,38.685,32.787,56.549,21.538,21.866,33.331,83.573,51.949,112.461,145.158
104.126,55.879,28.407,73.447,54.182,32.939,30.115,44.25,18.734,18.587,36.262,70.564,51.436,113.316,122.405
121.695,47.289,26.574,80.075,61.748,50.942,39.754,44.58,19.911,20.128,37.936,67.243,43.528,115.912,169.522
79.996,48.463,25.243,92.846,69.808,44.57,38.959,56.917,24.405,20.225,44.609,83.587,60.435,99.449,123.422
99.537,45.593,22.659,66.991,55.355,44.334,20.14,43.414,25.007,20.776,31.668,71.273,48.385,118.111,147.277
99.951,50.992,22.068,70.828,68.948,48.791,39.452,56.211,22.399,21.246,54.338,80.376,52.684,99.856,155.142
97.842,45.084,26.792,82.02,51.755,40.266,31.964,58.407,17.633,21.608,36.916,82.616,53.15,160.181,150.025
102.419,48.517,24.219,77.184,56.561,31.071,24.323,54.816,14.596,17.686,41.411,85.519,45.044,138.595,170.335
114.396,60.464,25.985,82.049,54.08,38.118,31.439,69.388,24.533,23.515,49.317,99.225,56.161,145.291,141.354
69.093,44.328,27.8,55.91,53.879,37.579,35.852,70.64,18.3,21.225,29.244,74.365,34.293,111.272,149.252
83.155,36.234,20.363,66.729,48.62,38.012,34.186,52.447,14.232,20.656,42.787,84.521,43.49,125.059,134.596
126.763,72.38,30.249,97.381,53.811,42.501,39.13,60.967,18.665,20.932,50.719,96.924,48.719,123.092,163.547
96.276,50.934,31.352,66.256,65.253,42.347,26.494,56.9,24.383,22.285,51.347,93.692,43.255,86.643,139.942
101.996,43.087,25.335,69.834,65.827,49.02,39.6,54.582,26.248,20.46,48.245,95.474,63.587,130.144,157.443
87.081,48.897,26.056,69.169,63.695,34.755,30.271,57.524,22.761,19.303,38.256,96.857,50.384,111.274,165.48
81.291,51.078,16.76,81.477,54.576,42.711,24.992,42.86,15.617,20.458,24.024,68.584,50.519,139.971,126.837
105.424,51.89,25.237,71.484,69.593,43.599,42.125,63.354,20.965,21.814,39.985,62.782,48.047,124.611,167.7
104.645,58.56,23.118,81.945,73.436,42.177,44.102,50.687,22.311,22.83,49.183,62.975,51.972,132.764,201.264
80.694,37.413,21.28,69.789,80.411,32.942,34.655,47.301,17.769,19.171,42.163,88.186,47.37,118.336,158.145
108.644,51.967,26.435,76.14,44.218,25.476,25.301,50.412,17.217,19.933,45.688,56.674,54.352,141.291,228.867
115.054,51.33,31.241,88.874,69.214,47.848,46.02,50.688,18.323,23.427,59.834,68.109,40.999,141.319,158.892
127.212,52.474,32.291,69.728,72.261,39.365,40.527,43.909,16.548,18.772,39.037,81.597,49.02,145.708,146.429
111.745,52.907,21.22,73.248,62.336,45.072,43.654,59.469,23.717,19.212,43.117,63.65,50.449,123.251,158.223
109.34,55.284,26.856,70.116,52.341,37.783,32.373,68.217,19.144,20.216,39.04,71.952,50.328,118.734,154.152
99.082,42.172,27.787,64.803,43.447,32.682,27.824,44.25,11.276,19.263,31.713,49.992,44.222,110.555,181.913
100.849,55.454,24.319,80.406,64.278,39.793,37.384,56.302,24.18,20.631,53.771,95.666,54.725,137.207,174.919
114.253,61.141,21.048,70.364,70.444,43.813,26.923,54.911,23.283,21.39,52.521,87.258,50.484,148.433,161.066
107.096,45.679,31.305,63.56,59.534,34.315,33.421,43.699,20.333,16.479,38.339,81.669,50.374,126.28,148.166
131.197,55.102,23.435,87.094,57.457,36.405,33.272,62.708,21.797,22.038,53.782,100.211,53.482,128.722,171.271
105.196,48.579,24.498,91.979,58.707,46.487,37.383,59.213,17.778,22.176,45.007,82.486,55.97,118.13,181.915
95.579,56.934,23.703,89.559,58.174,44.187,41.715,52.195,19.489,21.063,46.224,89.752,52.718,118.843,138.294
101.269,57.051,24.678,82.816,67.522,35.697,27.312,40.201,20.602,17.091,46.047,90.142,47.183,118.668,178.45
126.157,47.96,28.569,98.88,49.24,41.107,39.509,66.27,22.968,21.257,31.361,82.3,46.927,121.185,178.898
111.398,60.256,23.898,58.495,60.205,36.174,31.873,50.017,19.211,18.648,41.976,76.53,58.738,105.126,164.404
79.197,42.287,24.613,61.701,64.35,39.2,35.44,54.501,22.346,19.909,55.728,104.554,60.834,126.439,192.677
106.785,47.601,26.782,88.631,64.471,36.223,38.647,50.644,21.084,24.304,53.8,77.209,53.33,139.51,156.29
131.439,52.742,27.832,74.58,62.697,48.011,30.232,63.825,21.138,21.228,48.353,77.627,42.659,136.755,167.521
119.674,63.892,26.421,64.469,56.316,43.853,32.723,63.624,20.774,18.091,31.634,60.605,43.797,106.008,195.999
104.937,47.644,29.54,87.099,66,45.473,43.063,51.897,19.612,22.46,42.575,58.418,45.499,140.431,164.819
113.689,50.523,22.945,87.645,67.928,50.38,47.149,64.474,22.728,19.552,41.475,93.95,54.179,115.352,150.182
72.803,50.999,19.208,72.505,63.865,34.227,38.634,50.713,18.817,17.542,38.601,95.579,44.372,142.538,166.34
95.726,58.924,29.715,88.314,73.759,47.132,42.366,55.17,21.466,28.029,53.824,95.585,56.821,105.275,154.391
97.748,53.167,22.052,85.785,57.655,35.593,26.168,50.902,17.445,17.132,50.904,72.15,50.178,152.059,180.603
118.823,45.019,36.641,92.321,75.645,53.947,48.416,60.384,21.922,20.168,45.142,90.1,46.419,106.706,126.341
117.362,62.471,26.724,83.824,64.554,36.153,37.22,48.934,19.054,19.359,45.206,87.523,49.774,84.754,177.576
108.998,52.074,25.352,78.929,56.004,52.618,38.027,48.746,20.893,24.822,52.428,87.002,65.663,127.011,179.074
102.349,57.126,25.05,72.687,47.426,28.322,26.988,67.18,18.092,23.867,49.9,80.016,53.758,109.678,176.283
123.337,60.442,30.207,74.467,53.397,35.807,33.941,61.609,17.212,20.492,46.983,77.094,53.994,120.385,181.587
106.078,54.704,20.868,73.183,59.8,40.687,41.207,60.236,20.357,20.258,50.341,96.582,53.564,146.101,127.735
104.096,45.987,27.626,61.073,46.214,35.807,34.083,53.089,14.225,12.002,46.041,56.418,48.135,104.736,121.789
103.33,45.906,22.354,59.737,76.543,42.249,44.278,55.022,25.024,23.546,39.645,94.681,60.697,125.337,138.751
79.161,52.819,21.972,98.514,59.866,38.743,23.806,50.81,19.021,19.795,30.534,73.205,37.227,127.342,115.849
143.17,51.081,31.446,99.198,69.297,35.742,35.563,55.497,19.355,22.317,35.612,78.729,47.551,118.716,106.744
101.247,67.134,30.035,73.787,53.857,41.489,25.219,37.869,20.505,20.663,35.212,87.738,35.598,112.146,127.008
102.164,35.207,22.718,68.24,70.845,38.466,43.379,41.64,21.186,18.284,32.362,47.419,42.591,151.946,124.981
103.669,49.443,24.758,75.5,52.324,35.248,36.717,65.173,17.09,21.508,47.049,65.561,50.458,125.521,152.732
125.767,55.467,30.584,79.366,69.657,44.881,48.678,48.921,21.764,21.366,42.842,68.074,43.048,114.059,123.913
107.168,39.791,24.233,65.481,45.849,33.793,25.896,42.184,13.945,15.353,53.591,86.06,39.142,130.298,154.669
88.612,49.534,26.82,72.369,63.601,41.835,33.051,57.311,19.719,18.854,56.048,83.348,44.753,128.519,153.133
100.897,58.145,23.192,76.197,68.559,38.572,34.161,71.221,23.299,23.483,41.457,80.169,48.276,139.225,161.267
123.358,57.12,30.514,84.366,61.44,40.121,50.272,70.047,26.019,24.03,46.601,94.106,49.412,125.489,205.786
106.438,56.029,22.627,74.862,73.097,41.87,41.559,65.861,17.628,18.468,44.149,67.168,51.939,146.242,171.143
96.276,55.939,22.836,73.395,51.707,38.495,27.855,53.098,24.768,15.871,46.154,77.448,30.796,114.293,167.532
96.324,54.328,20.103,82.621,61.896,39.549,41.03,57.464,19.192,21.704,54.537,98.393,51.722,104.285,134.89
95.096,47.892,20.64,74.76,59.869,35.808,30.152,55.798,25.54,18.941,38.185,80.938,37.013,91.347,168.71
88.16,48.354,26.575,81.352,68.394,52.219,40.679,57.782,20.153,22.24,56.757,91.747,51.964,135.836,116.595
91.796,41.796,26.852,67.478,79.835,39.956,35.863,44.374,18.325,19.215,38.147,80.865,57.162,115.75,171.432
89.731,44.367,27.098,68.595,54.68,44.46,34.215,59.606,18.556,21.091,41.718,73.897,46.339,118.339,192.63
113.303,57.894,26.863,82.943,71.581,43.682,34.552,63.759,18.955,19.739,47.085,78.147,43.261,129.982,141.602
99.816,63.703,26.855,70.773,63.981,34.822,37.95,60.729,22.523,17.427,40.3,69.043,56.932,128.061,213.551
102.712,55.37,18.838,71.54,74.181,42.309,48.468,63.202,21.719,24.651,29.797,71.386,43.843,138.471,142.615
107.381,71.969,31.527,95.333,53.536,43.381,38.778,66.949,23.72,22.166,50.808,90.095,39.642,108.829,129.06
93.686,46.458,16.892,68.446,64.02,32.612,31.421,43.073,20.112,21.235,50.379,110.638,59.126,126.972,96.661
118.016,52.716,33.151,65.754,65.136,40.039,36.871,48.254,22.401,25.602,47.398,90.651,51.727,127.332,150.133
90.065,41.675,21.392,76.837,61.123,37.241,35.12,50.839,19.396,15.549,37.957,69.914,41.318,169.8,143.591
102.81,51.722,22.699,81.628,62.647,33.732,29.472,51.251,17.976,17.784,40.943,78.549,38.378,120.039,172.183
98.673,54.131,22.389,74.923,78.922,45.933,38.964,65.33,18.249,22.497,43.855,61.457,53.598,118.425,155.166
131.803,56.323,30.01,77.763,54.051,41.451,26.006,79.8,18.565,21.568,40.958,72.142,43.314,118.039,149.945
86.504,52.343,25.512,49.843,60.215,45.405,37.151,51.363,14.171,16.047,30.931,69.023,44.406,124.05,116.102
88.106,53.62,23.768,73.571,53.974,46.615,42.41,45.798,17.809,20.559,47.071,79.262,48.936,126.096,137.913
86.432,61.186,29.659,74.415,44.064,39.707,26.326,37.116,15.14,16.753,35.378,65.635,43.863,139.651,150.567
128.977,58.191,22.226,66.976,57.938,44.56,39.95,56.778,16.52,17.905,42.83,74.542,63.547,127.38,144.922
100.679,49.914,27.887,93.933,56.337,47.483,42.427,52.429,22.453,22.157,47.616,80.324,58.658,103.613,176.128
95.996,61.014,29.271,66.943,69.165,41.892,38.548,47.629,22.758,27.449,40.04,82.833,38.106,131.138,193.677
102.714,40.113,19.627,60.313,52.721,32.872,31.669,40.613,16.617,16.694,45.128,75.295,52.006,138.725,160.697
92.037,51.143,20.33,66.964,64.723,46.903,30.454,58.133,21.709,19.642,50.553,96.581,56.842,116.675,104.867
88.928,49.396,22.246,66.685,55.656,44.573,32.135,38.602,15.917,14.761,34.277,72.304,32.848,89.841,142.159
94.727,43.26,29.543,85.092,65.872,40.674,28.214,48.968,19.34,13.786,49.018,68.164,44.339,102.249,150.931
99.808,39.937,22.525,67.625,63.593,23.726,32.876,45.937,18.983,18.17,49.999,80.296,49.549,146.564,156.064
86.198,53.741,26.671,91.55,66.852,45.131,46.616,49.617,16.302,14.068,34.658,75.77,43.324,142.074,155.414
62.21,43.968,24.384,70.24,33.257,24.537,25.857,56.253,24.186,22.356,39.653,96.49,46.515,139.172,129.043
98.61,45.556,24.714,71.741,67.108,55.81,39.99,72.184,24.712,27.179,53.253,75.759,44.177,141.067,165.277
91.428,47.411,21.611,75.089,55.17,32.904,34.363,42.797,19.711,16.6,44.944,62.69,38.71,91.225,154.354
100.046,59.816,23.158,104.289,63.747,38.853,30.763,59.949,19.244,22.205,51.518,71.017,58.263,132.409,142.843
96.76,48.276,22.438,63.958,57.176,47.049,35.857,56.931,23.761,22.556,51.201,107.34,58.556,143.248,151.284
117.527,46.664,33.024,92.436,55.825,39.602,34.431,46.901,20.792,20.655,51.427,64.65,55.785,161.934,136.637
83.551,41.764,17.221,63.523,67.548,48.75,40.443,56.661,16.05,20.418,51.536,68.993,57.122,87.427,176.346
99.765,44.822,22.584,76.156,50.072,36.461,35.182,60.156,22.117,19.83,49.12,68.355,50.407,117.688,134.969
115.686,47.743,20.885,61.984,53.636,46.09,39.604,61.462,23.384,19.978,43.182,92.073,69.554,113.935,150.338
133.595,57.432,29.403,85.882,77.848,49.503,40.359,63.114,25.269,21.276,49.533,99.551,60.23,119.75,134.138
98.91,53.4,26.348,75.566,58.019,49.586,39.127,69.886,21.3,27.118,46.052,82.955,52.792,174.874,174.022
109.081,48.814,24.882,71.018,49.455,42.059,30.607,59.505,21.172,19.007,40.919,76.962,49.621,131.35,142.426
89.913,43.166,23.523,67.477,57.537,32.805,37.083,48.099,16.287,15.078,34.606,89.173,47.471,121.476,171.952
96.192,57.23,23.924,62.759,67.517,48.648,32.673,58.682,16.388,17.281,49.462,85.911,58.864,95.615,153.627
99.737,58.649,26.254,72.099,57.004,36.157,30.103,66.691,23.003,22.836,47.85,86.52,48.571,110.353,113.786
105.499,54.387,24.101,82.267,66.625,41.658,37.421,61.031,18.047,22.799,42.231,93.81,59.361,142.823,148.925
105.502,50.204,25.195,84.638,67.839,46.075,39.232,64.659,19.893,20.094,55.835,75.834,52.342,137.894,145.457
102.725,56.793,26.695,86.473,58.03,40.121,33.652,44.811,21.03,18.239,53.222,82.403,52.503,116.852,169.828
88.866,46.097,24.497,73.761,51.813,38.62,38.568,43.749,24.338,21.415,52.46,82.402,51.982,99.614,127.205
122.736,53.683,25.399,66.564,63.481,41.686,33.738,63.342,21.375,24.115,47.654,100.195,44.296,120.48,152.596
73.422,54.505,19.47,68.552,55.624,36.96,29.876,50.832,18.021,19.621,51.759,52.805,39.606,102.605,140.657
94.54,58.475,31.54,91.019,60.738,41.069,42.691,47.793,17.644,19.535,37.847,66.154,59.564,138.186,173.663
84.477,58.572,25.739,88.402,67.179,38.849,33.68,53.238,17.699,20.514,45.166,56.2,53.025,135.698,175.457
105.178,46.058,23.316,66.395,44.048,28.78,34.446,45.153,17.22,11.731,30.41,74.904,54.64,113.68,174.723
102.981,51.119,27.907,68.463,73.512,42.339,35.608,52.365,19.361,21.812,38.211,79.968,42.259,124.955,130.904
69.064,36.097,19.579,56.07,52.556,32.257,33.379,72.862,25.221,20.501,47.529,79.631,53.279,105.494,131.023
65.155,41.832,20.701,53.294,52.228,34.712,29.013,43.267,18.121,17.56,50.289,82.1,53.239,140.972,114.91
102.333,53.078,24.926,73.338,69.857,30.943,38.163,78.567,22.354,19.619,48.222,84.652,55.603,109.015,178.506
90.398,50.078,29.523,74.669,53.248,36.852,29.741,56.511,15.952,13.447,44.173,65.927,57.058,121.852,147.257
62.049,38.397,19.186,71.222,58.559,40.275,36.195,54.862,20.244,25.653,41.415,68.775,45.294,103.765,157.01
100.535,49.858,22.02,60.85,47.934,33.776,31.919,46.273,19.896,22.669,29.725,69.389,38.903,130.511,141.694
91.138,52.13,26.114,66.086,67.937,42.931,38.567,60.167,23.718,22.984,47.767,76.935,57.54,108.196,109.451
113.743,49.283,30.874,67.621,52.85,40.546,41.298,40.146,19.486,15.831,46.213,62.702,50.205,134.618,149.793
102.194,62.852,30.705,108.261,49.443,46.5,37.271,70.746,24.238,23.21,54.979,104.004,58.021,91.841,167.407
96.485,64.189,24.293,75.519,65.052,37.609,34.025,66.162,21.329,18.244,51.55,79.009,61.085,154.782,126.366
103.443,59.515,25.778,57.517,69.906,36.013,35.2,48.822,19.744,20.363,52.434,71.922,54.368,133.624,163.473
110.288,56.375,26.172,84.168,58.32,41.081,35.531,51.796,21.996,19.873,57.819,91.022,61.582,106.126,161.649
106.384,53.91,24.05,70.085,66.96,40.378,33.001,42.268,18.335,19.601,47.44,102.488,60.668,121.727,143.295
114.864,50.707,29.931,69.551,57.776,30.353,34.076,68.312,20.493,22.133,47.741,96.845,56.435,115.584,126.365
76.822,51.003,22.345,85.987,60.603,33.105,31.947,60.331,16.601,18.182,40.88,72.64,45.511,107.805,128.699
90.583,48.326,22.468,57.461,75.151,36.428,29.539,57.478,13.125,19.149,43.929,66.675,56.12,126.995,154.439
90.249,48.718,25.733,57.115,56.894,35.097,31.799,51.229,16.302,17.614,42.652,76.418,47.637,106.464,132.154
106.564,51.41,20.004,70.315,65.304,34.662,31.448,33.496,14.182,18.106,46.478,94.551,49.732,107.262,172.286
103.712,47.031,28.677,76.566,67.734,46.35,33.753,60.038,27.582,19.069,44.72,83.616,51.978,101.593,158.307
96.578,50.472,22.164,79.345,62.036,50.433,38.71,71.212,25.929,23.535,43.186,87.678,54.118,96.852,165.348
89.841,38.17,23.073,56.969,66.834,35.313,37.099,48.75,12.577,14.019,48.246,76.188,51.004,125.143,145.543
88.768,59.912,28.554,85.442,69.806,46.065,37.057,54.016,19.498,23.91,50.178,81.991,63.724,95.258,119.492
88.105,52.424,18.248,85.414,54.171,36.193,28.302,54.42,14.369,21.936,38.478,59.848,58.527,127.007,163.691
119.769,55.819,29.564,96.817,69.612,36.907,35.309,67.665,15.278,21.531,47.583,82.19,48.585,109.948,133.218
112.696,53.153,28.74,80.871,54.711,48.974,36.134,51.53,19.96,16.707,42.206,77.557,50.514,124.025,141.778
99.49,51.489,24.378,70.716,47.381,32.96,33.255,57.577,21.206,18.982,46.631,93.384,51.282,108.124,155.389
105.61,61.708,25.978,89.033,74.301,48.679,31.168,71.735,21.227,22.633,54.145,85.217,68.266,112.737,149.597
123.929,62.504,34.398,96.531,67.084,31.798,33.365,51.101,24.271,21.882,50.891,81.312,56.984,128.349,164.532
117.095,54.213,24.452,76.6,66.587,29.248,35.378,64.313,22.534,23.213,44.895,81.173,44.993,155.814,126.671
100.589,45.212,22.741,62.778,55.115,33.783,30.656,50.705,17.435,19.146,36.75,50.628,48.268,128.766,158.45
114.518,47.96,20.018,81.739,60.522,37.226,42.114,77.587,19.47,20.704,38.73,68.337,40.496,133.349,126.925
90.343,50.738,24.331,72.659,43.64,37.528,40.763,52.29,18.781,16.758,35.058,76.189,54.839,137.628,170.877
91.749,29.889,19.413,80.989,78.55,36.681,34.82,55.171,18.199,23.262,48.579,80.53,59.546,126.469,131.309
83.286,61.226,27.761,73.241,55.879,42.83,33.211,39.733,18.305,17.907,41.247,73.016,51.413,97.915,94
90.428,48.479,23.281,77.346,66.283,41.666,49.572,54.725,19.104,12.654,53.21,82.552,53.212,99.045,151.718
106.856,52.384,23.233,68.308,61.489,35.126,37.806,56.629,19.853,15.496,42.357,82.936,43.336,131.318,158.479
112.215,56.575,30.465,80.228,57.398,51.295,41.377,57.772,16.041,24.788,53.188,55.596,52.658,115.793,127.205
82.882,54.269,27.498,83.131,70.348,36.983,33.762,48.993,15.39,19.758,41.784,74.638,51.9,123.147,155.532
108.931,53.463,25.339,72.721,68.406,42.019,36.142,46.598,20.945,16.965,52.747,95.479,46.48,124.298,181.961
85.175,50.778,24.363,53.496,51.501,33.024,36.499,47.253,16.675,17.683,37.758,77.735,29.509,127.169,194.043
74.199,41.334,21.901,54.564,67.407,34.511,31.502,46.57,17.667,21.799,36.999,88.747,51.523,111.474,149.042
138.758,61.182,26.092,61.695,62.065,48.281,36.934,46.986,21.267,18.55,50.082,100.612,62.118,119.704,141.798
70.574,40.739,21.244,56.472,34.21,29.966,23.356,63.005,19.237,15.767,39.917,74.394,45.495,143.734,134.195
114.837,39.745,21.558,97.705,63.442,52.256,37.459,53.198,25.557,20.089,49.805,73.805,39.459,131.041,116.741
73.955,41.513,16.488,61.182,74.954,40.665,29.04,61.241,18.42,21.38,38.419,63.486,31.862,113.292,169.658
86.259,37.894,17.742,77.948,34.536,31.926,28.78,57.773,23.477,25.067,54.125,93.505,64.283,126.723,150.077
126.772,45.286,25.423,63.236,52.029,45.764,36.707,51.474,21.586,16.261,48.867,98.636,41.857,113.052,148.028
109.954,50.96,31.431,81.821,59.283,45.738,33.732,59.995,19.638,23.567,35.985,57.895,47.419,97.296,165.344
92.54,53.771,28.672,64.475,60.91,34.797,35.24,49.522,18.613,20.312,39.289,59.416,45.273,173.888,156.715
98.713,47.518,24.041,49.85,67.767,38.486,33.413,55.006,20.989,24.889,45.35,79.46,50.414,144.984,160.766
95.266,49.501,21.833,79.619,53.123,38.489,34.278,49.931,18.338,15.068,63.505,79.884,63.729,117.624,129.34
103.485,57.279,21.949,79.512,60.189,36.579,33.165,62.015,17.847,18.352,41.57,92.101,46.122,159.17,201.051
86.597,46.597,19.293,68.15,67.953,46.582,36.061,56.037,15.716,19.889,41.514,71.613,59.716,121.366,124.657
138.371,41.467,22.535,90.631,64.19,40.556,36.399,63.508,24.377,23.289,40.227,80.364,57.34,131.871,166.156
119.424,54.054,26.438,64.279,78.626,46.72,38.377,65.079,22.501,26.963,48.018,95.453,61.619,126.419,124.966
88.04,49.853,25.123,57.979,55.193,33.131,22.106,41.144,19.493,15.238,44.794,76.641,48.548,128.527,161.681
80.184,48.776,19.513,67.489,57.742,44.993,36.834,55.883,15.175,19.682,52.076,83.557,43.518,113.328,144.533
92.037,47.655,23.487,59.232,41.962,39.371,38.075,34.061,12.321,7.993,41.309,49.237,34.559,129.926,166.18
88.175,44.777,27.03,80.995,51.262,39.899,29.811,45.625,18.244,16.159,30.551,52.579,31.494,120.193,147.888
105.589,58.368,29.578,92.935,63.329,44.191,42.902,61.095,17.827,17.507,44.352,81.819,47.904,121.707,173.427
114.982,60.505,18.481,61.247,68.415,43.357,34.681,49.673,16.594,21.95,38.161,83.033,47.497,130.64,106.085
81.066,40.017,18.504,61.659,47.983,31.473,30.158,54.929,17.95,22.536,42.15,59.96,42.354,112.136,169.16
92.391,51.67,22.488,62.867,57.401,43.178,30.042,57.139,19.797,15.471,51.125,79.503,51.166,121.562,153.77
104.787,49.79,27.439,82.507,56.965,42.873,34.996,66.617,17.273,17.477,36.059,72.646,48.252,131.806,164.41
99.098,50.841,28.949,77.306,63.302,34.621,37.825,39.273,19.861,14.23,46.161,68.598,49.122,110.215,116.236
97.634,54.672,29.616,67.777,72.786,39.238,39.04,57.205,18.028,19.724,51.899,92.025,58.787,108.611,154.071
126.424,57.383,26.847,62.69,65.603,50.056,48.509,70.509,22.383,19.776,50.412,88.184,51.997,111.409,173.278
83.692,47.382,23.551,79.985,57.732,38.452,40.586,59.067,21.256,20.797,54.964,82.389,51.505,124.078,138.242
104.62,36.091,23.538,66.149,55.911,40.758,36.23,57.887,16.894,17.867,38.984,58.105,37.535,137.983,117.045
104.705,62.904,24.965,85.509,57.3,39.999,31.875,51.446,18.862,18.253,37.14,62.449,43.997,137.219,129.819
102.359,46.015,24.596,89.517,69.869,44.849,42.404,56.364,23.138,25.909,44.189,71.61,65.078,128.852,149.234
121.038,47.567,23.064,71.411,62.918,39.063,33.718,66.631,25.883,25.406,55.915,85.149,59.431,117.15,122.603
114.456,60.54,29.272,83.506,55.091,37.144,36.951,55.648,21.054,20.145,44.791,98.404,53.107,140.364,134.283
109.845,54.11,23.473,78.84,56.484,37.359,38.585,59.905,20.84,17.943,44.124,78.423,47.444,120.512,164.836
110.819,48.034,21.759,88.012,65.116,34.203,32.475,51.195,19.182,21.312,38.881,66.725,41.326,106.753,137.377
81.286,48.669,21.122,71.174,59.295,39.851,30.047,52.719,23.328,19.768,37.68,88.598,51.258,100.347,165.269
112.657,36.851,20.357,89.901,67.517,44.114,34.609,54.097,20.84,17.466,46.99,100.004,47.304,136.628,150.876
131.416,62.463,31.228,84.505,70.561,44.943,40.327,71.444,18.73,25.317,45.57,100.722,55.652,98.069,171.373
121.265,60.955,30.838,81.654,48.284,35.928,40.019,58.079,19.502,24.199,43.124,75.897,51.47,131.389,167.876
92.498,48.895,25.884,66.732,65.49,40.893,34.442,57.019,21.757,19.556,38.11,81.776,61.501,113.986,160.765
89.275,38.35,18.516,58.506,65.288,35.279,31.759,58.103,27.155,23.871,43.488,90.501,45.349,100.042,155.483
108.75,45.943,30.749,72.185,65.359,47.088,29.659,59.901,16.964,19.181,38.488,72.855,46.218,114.98,142.101
109.758,51.609,25.537,78.573,55.072,33.951,34.059,59.015,20.413,24.183,44.671,73.818,45.658,137.013,142.911
118.981,47.876,26.795,97.48,49.625,47.952,40.745,50.437,21.243,20.785,42.074,68.695,52.39,129.115,168.169
83.605,38.849,23.268,65.048,44.676,39.422,35.144,46.189,17.189,17.782,50.384,73.366,35.956,81.08,157.017
113.55,50.23,27.698,85.512,71.343,44.801,42.881,68.924,22.796,25.875,60.459,115.992,57.02,130.585,166.773
109.746,66.482,25.297,82.845,61.575,34.885,36.867,60.456,24.025,23.647,45.372,102.37,60.501,114.732,139.495
96.39,51.67,27.307,77.589,60.699,39.841,33.673,50.667,22.148,17.501,52.676,100.899,48.555,123.527,154.179
85.384,44.15,20.359,76.788,58.881,36.599,33.532,43.283,18.588,24.067,50.982,100.912,56.957,110.775,165.47
103.333,50.343,26.073,65.743,62.693,43.114,36.174,61.953,23.269,20.204,57.05,94.668,53.989,143.535,119.032
65.515,40.434,25.615,68.505,54.746,40.574,29.718,56.871,21.349,19.429,31.147,50.447,41.649,123.857,156.324
137.115,58.267,27.428,73.677,64.28,46.578,43.736,50.274,19.667,23.674,65.604,79.64,44.897,132.027,120.347
91.768,39.851,24.636,67.793,54.555,38.451,33.475,47.154,20.781,12.578,42.77,78.07,49.251,115.66,143.652
85.655,47.567,16.971,65.34,50.453,30.338,32.04,51.902,14.711,13.527,36.343,66.991,42.089,120.282,130.073
113.441,47.058,25.9,71.045,65.778,35.427,36.249,65.817,19.949,22.849,40.089,81.355,63.957,136.791,152.408
114.789,48.205,21.297,80.356,49.842,30.812,36.229,50.063,19.84,14.888,39.116,58.862,46.047,154.25,181.233
83.334,53.174,24.961,74.617,46.542,24.72,29.421,45.307,15.988,17.131,49.321,81.121,46.325,111.448,150.246
93.105,41.717,24.879,60.068,54.448,34.401,35.107,67.83,21.198,21.654,37.477,77.745,54.553,126.309,174.466
97.966,47.232,24.372,79.925,63.06,43.956,29.034,69.157,20.932,17.476,50.753,83.475,53.833,157.002,160.528
130.13,37.005,23.72,64.557,62.097,34.108,41.223,52.911,23.203,17.617,40.112,67.16,55.921,142.341,140.585
103.239,59.684,26.425,77.691,47.785,33.874,26.945,42.012,18.991,14.28,51.136,94.871,56.571,125.59,191.529
116.591,62.651,24.781,93.483,58.504,48.473,37.83,64.959,21.868,20.039,44.827,71.665,60.142,170.857,170.567
105.369,44.921,22.103,75.838,51.82,33.96,28.092,50.037,18.193,19.905,43.179,87.395,46.526,149.78,137.742
121.244,52.695,27.087,73.224,56.352,36.331,33.142,56.832,18.53,22.016,47.313,75.974,38.298,162.561,159.345
89.278,67.413,25.806,81.355,67.434,38.59,42.474,55.425,20.968,24.296,50.527,78.772,47.481,104.35,136.107
97.523,54.037,23.866,71.281,63.955,36.053,44,51.156,21.861,17.905,35.047,85.327,53.475,116.17,156.4
95.773,47.781,28.188,85.701,63.051,37.153,28.619,45.452,14.027,19.021,46.479,86.935,55.162,133.074,134.685
94.098,43.75,17.095,43.471,56.713,28.994,35.856,48.174,15.589,22.418,37.145,57.271,37.52,104.602,159.759
88.215,50.888,24.354,66.888,50.279,38.301,39.003,51.159,24.08,18.773,47.295,84.89,43.136,111.617,163.623
112.528,46.696,22.092,70.785,46.415,45.426,33.908,52.895,21.623,17.115,39.963,70.444,43.22,114.725,120.323
108.938,50.626,24.994,76.518,55.553,41.25,32.647,58.697,25.958,19.952,35.854,99.673,58.047,109.06,151.462
74.572,48.728,34.263,75.717,56.067,39.246,39.114,55.19,20.791,22.237,44.983,65.043,40.213,143.57,145.768
128.226,42.28,28.294,86.717,69.87,40.074,29.59,60.711,24.642,23.822,42.493,92.494,54.504,121.466,153.315
101.439,36.689,15.936,67.7,61.668,34.406,36.86,47.284,19.706,20.915,37.728,84.152,56.257,128.188,126.067
112.217,52.278,27.358,86.455,75.849,36.999,25.744,61.903,26.24,24.865,61.31,84.039,59.984,134.127,165.975
89.744,42.735,26.511,66.28,60.365,37.205,29.584,50.553,18.205,19.349,46.934,79.507,48.923,130.028,152.548
67.102,46.869,21.557,63.483,64.704,43.525,40.034,58.879,19.042,24.368,51.536,74.369,59.644,156.74,159.05
86.7,40.454,19.794,57.743,56.218,39.546,32.515,47.534,22.616,19.566,44.73,59.681,35.04,144.529,165.37
95.463,47.895,27.965,80.559,55.735,55.078,35.671,64.4,23.303,25.498,57.974,68.916,55.419,111.011,147.055
100.988,49.09,22.136,59.755,63.306,43.737,37.635,63.744,22.262,19.306,37.516,94.48,37.414,123.534,117.075
109.717,43.999,27.287,73.547,64.186,42.093,29.228,59.945,17.24,19.511,40.413,73.531,48.106,130.21,163.119
69.178,39.439,22.794,67.003,51.432,35.063,35.9,52.813,17.969,22.532,36.589,71.582,39.19,122.591,135.349
107.241,62.879,28.006,62.77,58.838,40.08,36.749,68.574,21.966,20.275,51.014,98.174,50.793,125.256,168.612
94.744,51.532,24.841,82.273,75.087,33.368,33.954,67.838,21.931,20.947,48.926,77.305,56.445,123.694,148.746
101.073,51.878,35.361,93.114,72.958,47.015,32.009,58.722,23.001,15.619,39.66,82.716,49.342,97.149,166.876
63.412,40.162,19.439,62.965,64.816,37.736,35.845,61.589,17.253,12.7,40.675,87.595,53.122,98.726,158.526
105.652,43.138,24.958,66.849,63.84,38.282,40.637,51.801,19.239,22.827,39.986,71.776,42.945,123.7,122.006
82.752,56.105,26.424,69.716,69.173,42.083,38.472,55.27,19.953,18.046,50.073,83.75,43.604,114.113,140.346
84.228,47.416,18.172,65.092,44.941,32.436,26.406,53.6,15.779,13.388,44.893,94.786,57.855,133.984,158.468
114.596,51.798,32.365,66.125,76.414,42.916,32.387,53.092,22.601,23.393,46.624,72.687,45.71,119.972,170.535
112.755,49.918,26.38,95.868,64.8,50.219,42.585,51.331,28.772,20.811,41.261,71.431,63.082,147.968,146.731
96.53,56.119,27.051,90.592,58.651,37.374,38.867,55.854,21.806,21.122,42.038,98.895,43.746,120.643,142.794
81.406,57.588,22.711,72.924,56.915,47.816,32.854,58.902,22.576,23.434,59.193,95.953,55.084,146.353,169.68
101.641,46.852,17.604,67,69.385,48.323,26.964,60.274,16.529,20.809,50.732,68.999,48.947,112.518,162.442
117.398,49.542,29.67,88.041,56.409,35.423,30.856,64.885,24.642,22.392,39.626,81.822,47.003,114.993,171.627
101.92,46.283,21.695,72.551,51.417,36.692,28.827,68.101,21.481,24.842,46.363,60.89,47.227,149.749,147.917
85.452,43.985,19.391,81.82,63.098,44.337,37.953,65.979,18.763,20.468,49.051,72.504,64.407,122.72,157.755
88.871,41.997,24.182,78.612,61.447,47.375,32.828,48.552,22.518,21.75,47.341,63.877,43.309,147.308,146.671
92.793,53.712,21.625,80.312,65.718,30.038,29.749,42.968,18.579,18.133,32.526,70.99,44.024,99.614,132.756
92.106,50.171,23.471,68.753,53.456,46.615,30.532,65.836,19.905,19.42,47.818,77.339,49.702,105.499,113.693
109.803,52.993,17.128,84.418,51.116,32.875,32.44,53.521,19.74,20.951,35.186,69.31,32.888,117.063,160.864
86.959,56.165,25.415,63.786,49.315,40.42,25.937,51.356,16.699,17.703,46.582,104.858,53.419,118.138,155.503
91.914,58.57,32.482,77.638,51.105,43.653,29.698,59.266,19.479,17.546,50.004,92.616,59.471,140.352,153.758
127.752,74.172,29.058,98.602,74.94,48.34,43.063,47.542,19.109,19.611,56.429,106.454,45.056,141.2,128.044
112.656,41.712,24.931,112.563,63.199,44.37,43.9,44.269,18.894,17.192,45.695,106.695,53.842,109.325,193.846
93.459,50.148,25.145,64.784,65.462,35.889,29.524,52.617,15.633,19.337,33.136,79.083,43.434,113.133,147.398
98.151,50.662,29.229,70.573,67.291,35.12,40.421,54.505,16.173,16.29,40.361,77.191,42.186,156.854,113.11
91.768,61.825,26.693,70.543,62.813,36.812,33.647,66.878,24.201,23.435,36.847,86.932,46.632,116.989,138.78
94.194,38.724,25.761,57.983,54.536,32.147,27.752,40.472,17.955,19.73,39.709,88.784,52.195,145.515,98.67
99.594,49.085,34.095,61.55,48.365,34.983,30.668,53.836,21.762,21.036,50.035,83.633,39.922,116.44,145.236
107.029,42.261,24.988,73.857,51.44,36.319,29.968,41.544,17.378,21.704,52.289,89.477,54.458,130.56,132.7
117.302,50.233,24.098,59.017,68.93,45.043,32.198,58.573,18.857,18.547,50.27,88.156,57.117,136.497,116.238
102.546,44.635,29.314,78.722,53.289,35.89,31.767,52.176,20.802,21.371,32.329,73.746,52.538,133.103,166.757
108.997,49.62,23.577,102.589,74.04,38.071,43.767,58.657,21.389,21.818,51.209,77.445,56.845,127.078,161.976
100.159,37.593,23.136,59.622,54.815,42.161,36.155,51.256,16.866,18.146,27.208,63.515,44.742,99.339,142.79
93.5,50.019,25.882,72.869,48.341,35.991,34.909,51.037,14.477,16.848,28.278,61.498,36.249,120.449,136.853
104.453,68.433,29.032,78.909,60.088,43.917,29.178,57.634,20.886,16.98,44.831,90.373,57.714,102.913,203.38
74.244,43.973,22.48,57.115,63.558,39.928,38.676,50.717,21.178,14.217,44.667,73.499,57.238,114.836,129.023
104.675,53.627,27.273,79.854,59.619,36.788,37.113,48.501,19.312,18.501,52.877,76.289,63.287,105.431,190.103
89.054,57.75,34.503,71.341,59.65,47.092,33.631,59.728,21.422,22.54,46.146,87.018,54.787,99.338,109.235
81.766,54.908,24.576,83.895,58.944,47.154,35.394,54.214,19.471,16.307,42.143,79.068,49.212,122.359,159.896
114.687,48.996,33.682,83.143,54.62,38.778,41.77,51.732,27.234,26.509,47.288,85.071,58.855,110.449,152.738
102.546,46.359,27.694,88.59,57.593,36.534,29.806,60.037,20.606,19.886,35.731,59.165,53.428,135.333,158.16
98.173,52.773,29.022,92.889,53.845,43.166,42.818,53.151,17.343,22.006,57.137,108.607,50.488,97.662,182.385
95.531,44.195,22.417,79.951,53.57,43.755,32.862,59.875,17.715,22.256,35.673,71.478,38.211,116.151,148.484
81.035,30.07,23.577,75.455,58.784,42.586,35.406,46.474,18.578,18.462,40.36,76.386,55.137,105.006,162.515
104.001,46.963,26.308,75.183,64.389,48.612,26.345,58.13,22.515,20.743,42.563,64.748,39.225,111.096,116.139
85.633,47.961,30.118,75.647,72.39,35.328,35.899,55.168,19.363,21.543,49.766,83.173,47.809,99.242,165.563
99.879,53.846,30.169,84.994,69.675,42.47,25.821,73.296,23.491,24.931,39.117,80.305,60.085,128.248,116.799
106.302,43.579,23.02,79.132,52.643,19.282,23.794,61.678,20.134,15.019,49.307,75.237,44.632,139.687,131.11
125.912,60.501,23.932,67.98,55.911,43.213,39.012,61.926,20.722,25.795,35.915,81.418,41.634,111.803,119.491
131.397,59.817,26.942,77.111,91.211,60.705,39.287,59.684,27.576,22.074,42.922,100.823,53.581,140.287,146.611
100.651,51.756,25.841,60.313,59.358,46.273,44.79,61.66,17.282,24.268,49.122,81.006,54.757,120.016,161.167
114.068,55.611,23.892,67.672,56.568,48.579,26.942,67.257,17.281,20.723,47.806,71.364,53.254,115.245,144.301
86.987,62.058,29.9,102.57,64.862,45.519,40.75,52.506,18.465,17.084,46.431,87.446,47.281,75.374,150.647
92.949,57.469,17.756,79.241,59.042,32.512,30.249,57.254,18.441,21.961,44.899,71.27,53.714,119.201,147.116
72.183,60.787,21.382,83.243,53.394,39.035,31.185,46.85,16.412,15.906,49.431,85.367,40.617,117.866,171.639
95.402,36.281,19.948,77.331,49.98,32.297,34.804,56.466,22.127,20.492,45.832,84.353,51.035,130.948,157.019
103.382,45.933,21.745,62.37,39.627,39.102,28.975,40.979,16.486,14.705,30.915,69.576,48.323,114.107,165.074
97.243,47.062,22.151,72.34,55.49,31.357,31.781,49.323,20.307,20.421,48.246,64.669,49.83,135.827,176.557
90.828,47.969,23.06,76.736,74.338,50.632,33.835,52.387,19.656,25.126,49.471,77.706,54.446,121.628,151.955
93.457,45.15,23.479,66.827,61.761,45.872,38.438,51.731,18.853,21.727,38.592,71.99,50.21,112.306,149.195
100.81,44.619,18.799,72.823,56.074,44.206,29.964,56.043,18.992,18.534,46.926,85.258,57.974,102.904,153.302
84.128,44.484,19.393,83.57,62.207,33.298,37.608,51.881,16.747,14.36,30.786,53.775,47.769,131.468,127.066
106.342,39.768,23.35,75.428,47.55,31.279,31.481,60.643,17.406,16.464,37.941,76.502,44.322,112.659,194.786
76.982,60.48,27.437,73.871,60.708,34.71,20.459,51.438,21.057,17.503,38.627,79.171,57.008,129.158,161.949
114.788,50.665,28.59,95.748,61.347,41.14,42.549,49.856,18.11,19.904,51.141,100.442,45.522,128.189,175.628
107.306,52.176,17.186,62.425,62.297,40.184,40.025,54.685,16.317,18.877,57.167,88.947,55.592,149.261,193.551
90.572,63.657,25.703,86.677,62.276,38.508,39.702,63.653,18.448,22.052,41.355,84.346,49.759,116.366,115.485
113.221,57.722,26.074,77.792,52.584,32.294,34.449,61.448,22.379,22.671,47.473,81.605,46.067,139.527,121.722
99.715,49.577,25.087,70.005,62.333,45.653,40.543,58.982,22.436,23.946,51.339,86.829,54.704,129.769,169.244
108.538,48.884,27.46,73.424,59.247,37.247,36.223,43.244,23.599,17.974,42.214,72.225,39.673,124.65,154.247
94.027,44.723,21.639,72.788,73.168,29.282,29.946,47.109,12.299,18.095,52.245,86.443,60.085,98.991,141.074
101.085,52.797,27.809,60.06,61.576,39.201,31.259,69.124,20.741,18.306,45.804,91.611,52.925,123.229,146.484
90.19,37.849,24.093,59.229,38.62,38.902,31.953,60.212,22.998,20.145,45.046,70.671,56.934,135.345,111.063
106.125,56.604,26.531,71.781,55.609,38.281,31.975,54.03,18.369,23.238,46.028,56.37,26.158,124.511,131.74
83.428,57.204,19.882,80.2,65.64,38.522,27.62,46.711,16.919,18.644,54.22,66.57,50.507,139.62,125.944
63.023,47.972,25.789,66.375,41.362,38.548,32.287,49.494,18.974,23.028,48.215,75.218,48.647,154.611,139.731
101.058,53.746,35.146,73.855,78.457,46.702,40.382,62.426,25.116,24.683,47.511,90.59,42.908,119.751,137.159
75.294,54.817,27.115,76.898,58.442,32.6,32.52,52.31,20.098,18.6,42.262,83.045,51.218,137.217,118.901
107.185,51.333,26.004,80.931,75.594,46.352,37.197,60.571,24.026,21.523,42.322,91.082,63.668,106.036,136.518
105.444,46.592,19.387,95.785,52.27,47.439,29.518,52.893,18.151,22.403,48.405,52.348,49.521,146.275,92.149
83.578,36.29,17.317,63.519,52.514,39.021,31.116,54.967,22.646,12.139,53.249,59.162,45.93,141.496,166.276
98.906,47.028,19.77,72.351,66.571,41.052,34.703,51.608,22.112,21.989,34.668,87.856,57.726,135.633,180.71
95.401,50.287,28.174,71.615,59.885,38.166,39.464,50.095,21.175,21.298,33.18,82.468,47.642,107.959,154.55
84.462,42.433,18.885,75.086,58.706,41.133,32.9,53.567,24.234,21.381,52.297,85.574,59.513,113.016,164.545
79.877,38.286,28.583,56.749,51.434,43.158,31.192,60.098,19.255,18.776,49.661,92.096,55.647,101.539,144.445
94.112,35.279,23.082,39.136,46.287,35.81,27.568,49.689,18.895,21.507,38.497,78.471,46.477,124.441,149.818
101.001,56.527,22.382,79.599,72.835,55.982,41.552,66.431,18.949,25.29,51.232,68.766,67.826,145.014,186.702
114.836,53.922,27.518,78.146,69.998,32.024,29.556,50.097,22.302,18.85,49.551,97.459,48.536,138.434,154.168
56.8,44.185,19.099,50.529,40.777,30.897,27.564,48.389,16.451,19.807,28.372,67.702,37.981,95.875,169.555
97.411,41.966,23.713,84.858,68.814,38.382,33.673,49.282,19.217,20.785,44.661,66.93,42.119,110.359,181.513
103.316,48.895,24.22,69.088,53.925,44.331,36.11,51.187,14.909,18.216,47.595,71.492,43.121,120.325,148.576
107.204,42.731,25.554,81.219,63.688,41.04,33.198,50.149,19.504,19.247,35.185,75.225,54.186,106.9,177.547
106.199,53.198,23.276,68.618,65.077,27.861,31.932,60.332,21.825,22.481,31.813,71.896,47.989,107.463,135.429
106.217,59.136,28.351,87.203,69.562,43.504,33.406,61.965,25.342,21.972,45.26,77.47,52.153,105.842,166.67
103.946,65.236,30.814,90.582,67.252,44.402,31.572,57.282,18.35,17.495,42.303,73.873,50.259,115.194,145.785
87.257,48.869,28.02,78.936,56.459,40.605,35.692,46.04,24.647,18.322,44.242,103.528,53.352,122.232,136.406
117.62,47.511,23.32,80.886,50.275,36.724,36.351,52.99,22.273,20.515,57.708,91.637,56.185,101.579,166.573
54.526,54.942,26.478,63.871,64.463,39.27,23.805,58.398,19.695,19.057,43.624,83.232,43.255,135.362,172.292
94.265,50.994,21.527,82.264,59.089,28.861,24.94,52.378,20.812,19.861,50.063,83.667,50.196,109.664,191.631
91.08,52.143,24.546,84.688,62.081,37.854,38.293,59.007,24.988,19.998,50.39,82.245,60.083,124.065,120.81
104.764,49.372,27.116,82.377,52.565,37.259,38.139,61.805,25.29,20.851,41.707,71.423,37.089,130.501,138.405
102.214,44.887,21.973,63.034,60.994,46.844,29.806,63.774,22.946,21.273,42.911,81.7,44.916,93.718,166.011
68.238,36.978,21.924,74.034,59.309,31.234,28.19,40.562,18.058,18.728,51.408,95.805,46.053,121.858,142.571
108.429,43.524,25.135,76.581,49.578,44.639,34.594,53.677,22.095,15.841,56.571,84.339,45.986,103.572,164.514
82.506,40.6,26.589,109.836,58.808,52.842,42.342,55.656,19.183,21.349,50.289,75.713,43.945,129.982,124.174
101.573,48.667,27.432,96.491,90.152,55.886,44.697,62.31,27.098,25.096,52.88,63.956,50.094,146.096,171.843
103.726,54.724,28.191,84.077,52.763,40.237,36.323,62.412,25.278,20.731,45.316,82.624,49.154,121.08,171.46
92.363,45.46,27.426,77.884,81.014,48.847,33.921,58.101,23.523,23.397,45.491,67.865,43.054,139.991,168.516
124.125,63.371,27.09,88.473,59.284,44.277,38.233,54.612,17.914,23.428,41.769,93,51.527,115.879,114.78
95.168,41.407,25.964,65.413,48.389,33.15,35.544,62.306,21.683,16.907,47.783,72.293,43.406,134.281,170.501
97.809,57.852,24.714,70.134,60.754,37.605,39.363,52.13,21.046,20.156,49.418,65.914,51.968,126.64,126.378
78.061,45.344,18.212,85.975,67.145,49.104,36.763,53.572,19.248,15.854,40.689,67.348,48.019,114.235,158.855
80.41,37.722,16.822,60.373,48.967,29.027,28.388,54.895,15.808,18.451,38.764,63.149,38.671,100.042,158.169
109.615,56.808,34.448,80.05,58.735,36.407,38.12,45.294,19.927,23.733,55.879,104.458,47.838,128.624,130.776
95.914,49.565,27.165,78.285,66.164,36.259,34.53,54.435,19.804,19.808,47.322,91.764,59.392,132.298,168.652
80.093,48.841,24.258,62.607,52.928,42.184,32.886,45.574,23.273,20.25,52.106,83.871,48.269,141.957,142.505
108.296,49.806,20.261,66.843,77.478,46.983,39.848,51.956,20.007,21.474,42.404,82.337,42.936,132.567,127.995
86.482,49.054,20.036,72.108,72.919,38.388,34.72,61.067,22.52,22.74,57.472,84.568,55.369,90.209,138.491
98.238,41.094,27.589,63.479,43.464,36.03,24.329,31.008,20.292,19.187,38.382,82.716,40.287,134.244,150.654
88.621,50.398,27.608,81.742,49.942,32.764,27.885,69.452,21.098,20.046,49.419,80.014,57.497,101.975,136.053
110.96,62.298,29.861,83.326,87.511,52.537,39.78,62.752,22.035,20.897,45.885,87.925,55.785,126.678,148.381
131.218,56.613,31.845,88.797,56.227,30.933,38.786,64.988,24.255,24.724,48.905,96.478,57.197,110.481,154.126
95.409,54.453,24.561,82.345,70.629,41.091,36.545,49.689,13.945,10.582,43.786,96.339,46.188,122.082,127.507
113.166,49.52,27.676,70.729,57.468,33.62,43.57,45.498,18.829,19.021,45.183,65.928,54.814,106.272,166.902
112.524,55.222,29.262,69.696,75.725,52.193,36.007,48.882,23.588,22.286,52.411,87.915,59.035,152.882,145.156
59.838,36.345,23.652,49.991,62.832,35.466,29.088,50.301,18.71,16.251,43.189,76.343,37.556,115.82,162.323
82.669,40.354,23.245,85.295,54.832,40.343,35.044,60.2,23.594,20.316,39.056,58.403,39.515,94.864,193.862
77.481,41.971,20.779,64.922,65.251,45.613,30.716,38.487,14.684,17.156,37.038,67.631,48.786,115.132,128.189
114.563,54.226,30.266,91.914,57.548,42.809,39.092,59.684,19.88,25.422,60.808,85.753,62.955,174.928,173.51
107.603,51.761,22.809,78.373,47.854,37.56,32.41,41.548,18.828,18.613,45.886,61.989,47.769,139.713,131.038
110.313,50.23,27.785,107.513,81.598,51.789,35.367,52.477,21.709,19.612,51.159,97.464,48.033,115.371,161.16
110.34,60.806,20.217,66.528,51.922,46.412,36.66,52.037,21.296,18.055,47.594,84.721,46.437,112.881,133.868
82.771,55.029,24.857,76.996,61.097,45.344,34.063,59.863,21.662,23.813,37.413,58.588,51.084,105.126,132.524
106.434,51.884,27.885,89.262,67.979,47.793,43.063,45.288,20.01,18.515,42.166,87.984,59.095,110.729,183.363
98.742,65.468,28.19,86.842,75.548,46.7,36.045,52.025,17.853,16.153,55.341,88.504,53.658,146.583,136.628
90.894,36.78,21.703,58.447,52.921,40.479,39.549,42.572,19.051,17.512,38.382,72.877,32.286,132.229,172.565
88.3,44.3,16.508,58.06,82.005,33.087,28.648,38.668,13.811,15.749,34.805,57.798,47.229,143.897,145.83
110.931,45.613,19.174,74.186,65.808,43.805,35.964,54.417,20.236,21.142,43.841,78.47,44.445,98.832,144.227
90.252,40.966,22.683,76.165,45.91,26.394,25.6,46.968,18.236,20.259,43.827,64.451,52.156,153.88,152.521
89.458,49.886,23.068,74.404,67.269,35.682,33.169,59.811,17.439,19.55,37.589,76.813,44.27,140.613,108.731
80.159,56.536,21.838,73.038,72.707,40.862,40.802,45.491,19.259,21.978,46.155,72.179,52.984,121.81,179.509
100.243,48.725,24.961,87.962,65.372,36.939,32.667,56.891,19.654,21.761,42.633,86.081,52.079,112.78,115.328
128.076,64.493,34.967,109.812,67.215,47.431,51.904,72.613,27.45,24.62,55.919,90.732,68.235,136.63,160.713
86.092,39.209,29.272,81.333,62.076,45.058,32.506,61.229,22.972,25.329,33.428,72.205,47.233,113.667,172.928
117.745,42.441,20.23,61.32,56.105,45.523,34.236,49.267,19.478,16.47,40.526,85.589,49.225,122.204,112.393
112.323,47.228,27.91,73.089,64.126,35.237,36.434,49.729,18.037,23.173,49.303,101.121,57.361,105.249,163.039
88.674,40.288,26.693,75.164,62.849,46.9,37.369,67.366,22.195,18.851,40.771,82.74,67.532,121.462,152.252
106.25,60.023,26.327,73.825,59.925,42.198,28.037,67.974,19.722,22.259,46.927,80.844,47.977,114.976,137.499
126.718,51.049,27.632,82.689,63.127,40.268,41.261,78.741,21.853,25.005,50.712,85.213,69.889,99.283,141.808
86.17,42.287,22.577,79.969,69.038,34.769,36.93,63.443,19.323,18.797,47.627,83.112,53.669,135.858,215.806
111.802,44.968,23.672,71.457,73.856,47.376,36.599,43.018,22.36,21.81,49.815,66.737,67.278,103.417,150.793
115.979,49.114,22.193,76.732,48.977,38.32,34.444,52.266,17.93,18.079,41.423,72.54,56.973,129.574,124.913
121.909,75.042,34.076,101.924,74.542,47.247,38.614,56.107,22.08,25.221,42.08,83.754,52.618,110.902,138.577
86.184,47.388,23.397,83.91,56.74,40.153,34.807,54.596,19.024,19.25,41.033,93.022,47.417,123.332,153.322
80.219,54.751,26.507,77.519,56.054,41.558,35.449,60.315,20.862,19.314,42.953,79.87,42.934,139.104,149.214
112.255,43.414,30.365,97.77,74.789,44.965,32.545,63.919,23.284,20.532,39.183,80.253,55.736,126.14,198.674
104.211,39.966,24.197,73.054,59.088,35.077,34.009,56.481,18.41,22.724,42.085,58.758,39.139,92.077,127.385
89.331,59.385,22.977,53.708,55.781,39.894,37.783,46.558,21.347,20.211,47.91,77.064,49.536,123.781,103.521
107.074,55.265,25.227,74.712,62.247,41.069,38.233,56.077,24.347,21.135,38.341,91.405,50.947,127.348,171.531
115.307,58.169,25.707,77.431,54.333,38.006,30.675,54.516,15.852,22.228,49.144,88.271,39.416,157.715,163.788
98.088,53.196,23.986,53.226,41.278,36.017,28.11,57.875,17.841,14.758,37.854,75.937,50.305,105.628,137.854
99.674,44.698,29.731,88.888,58.459,48.432,38.849,53.632,20.304,20.37,51.46,86.444,61.997,94.253,151.956
100.566,41.681,19.741,71.422,74.26,42.124,36.481,47.921,16.196,18.587,49.088,83.816,51.748,120.065,129.758
105.178,51.872,27.249,59.613,53.905,26.88,25.882,46.446,19.463,21.387,46.26,74.463,49.319,110.281,170.305
103.428,53.67,25.165,77.675,62.693,36.68,45.047,55.932,23.973,19.838,42.078,75.245,48.7,99.652,166.795
109.832,55.896,23.046,72.867,72.257,45.817,41.557,55.346,25.353,20.408,49.485,82.768,57.643,140.168,147.775
99.156,50.964,21.561,92.642,67.621,34.115,33.254,55.232,24.829,19.627,56.423,81.788,62.194,121.846,156.953
105.35,47.222,22.189,76.008,58.491,31.208,42.209,59.609,23.337,18.913,47.987,89.115,52.414,124.898,120.287
104.757,57.231,24.303,89.318,62.191,41.475,38.569,56.552,21.65,19.513,37.413,86.008,48.873,109.735,128.155
119.424,57.763,28.771,80.811,72.308,57.02,38.589,57.504,14.397,21.421,51.079,84.723,52.158,156.077,190.272
104.107,42.436,24.965,88.673,50.691,41.351,35.383,66.251,19.875,22.26,38.622,72.837,45.405,114.555,142.953
87.417,49.864,24.401,72.019,58.617,34.789,25.713,40.906,16.219,22.106,46.075,78.333,46.059,142.308,135.538
98.646,48.759,22.659,82.336,60.748,42.797,30.926,63.016,20.785,18.556,50.633,95.246,48.189,128.028,147.884
109.437,55.233,26.341,93.344,59.831,38.255,33.076,52.099,17.973,23.362,46.347,111.832,56.974,122.689,161.367
68.88,48.196,24.199,55.852,77.056,41.523,36.842,54.427,20.008,19.804,42.245,107.608,53.193,155.717,145.844
95.996,63.004,27.421,73.388,67.647,43.589,42.321,62.504,17.707,17.21,50.668,99.902,42.679,119.757,139.456
81.788,36.129,23.927,68.85,66.343,49.84,33.166,39.986,18.056,21.518,36.419,60.296,45.011,135.379,160.383
108.712,52.864,28.999,79.845,59.168,50.34,39.212,66.506,25.129,23.026,40.203,78.645,44.736,117.046,234.101
107.225,52.938,29.277,86.966,73.517,45.043,44.416,61.227,19.505,21.996,40.951,77.026,52.801,98.49,124.313
114.231,45.491,22.684,76.069,52.71,41.241,23.521,57.614,20.015,13.938,36.636,73.559,42.803,142.198,149.651
115.687,66.485,30.302,97.848,71.98,25.294,43.387,62.11,22.677,22.788,46.622,86.643,60.229,137.727,133.628
114.191,58.508,29.263,79.774,64.886,36.796,35.974,53.652,14.744,20.659,42.439,57.496,54.367,122.013,100.97
111.176,58.926,20.624,68.903,81.503,42.847,35.507,59.875,21.851,21.33,55.807,89.017,46.251,133.458,161.939
123.358,54.119,28.743,67.204,54.353,40.193,40.914,55.373,15.945,19.336,36.732,77.671,44.256,102.598,139.304
93.597,46.996,21.139,63.321,50.015,39.069,23.71,39.367,17.038,16.732,32.074,91.978,45.969,123.837,153.97
118.498,53.094,24.7,61.083,79.002,44.196,50.921,53.486,22.313,21.77,46.485,94.12,58.905,82.856,145.486
67.301,53.625,18.939,84.185,63.279,43.239,33.308,64.848,17.305,23.065,41.993,67.65,51.907,133.43,174.842
102.25,44.606,19.271,79.857,34.146,33.924,29.955,52.859,18.754,14.929,35.492,70.816,24.838,162.654,180.099
95.296,32.836,23.091,73.879,57.832,38.059,37.95,56.371,17.15,18.08,41.972,88.215,47.911,154.756,141.879
109.037,65.922,27.392,75.757,62.286,45.65,40.088,58.027,20.933,21.602,41.555,85.667,56.538,131.168,161.498
117.392,58.171,22.773,73.128,70.378,48.893,36.901,52.143,20.538,15.847,43.986,79.868,43.391,121.277,153.872
77.925,59.381,28.649,80.928,55.735,46.101,35.736,63.216,19.468,15.683,49.552,100.619,51.956,154.243,154.985
108.452,49.637,27.063,79.852,49.534,37.71,30.85,52.809,16.243,18.662,40.443,84.518,47.323,138.127,131.84
95.284,52.593,27.025,80.438,42.085,35.807,48.312,54.432,19.65,22.692,43.319,82.566,49.963,131.696,139.272
102.062,48.449,26.298,83.024,61.296,42.425,30.935,56.508,19.693,15.416,41.893,83.636,43.229,106.809,155.547
112.432,47.343,25.756,69.146,68.662,46.705,30.683,72.251,24.539,26.197,37.825,75.49,37.174,157.413,145.899
99.803,42.096,21.01,59.29,57.717,39.847,39.977,55.726,16.509,15.909,42.473,52.684,46.639,112,146.445
112.664,56.61,29.233,86.034,53.252,38.596,41.497,54.318,22.206,23.365,44.568,78.106,52.115,139.37,179.03
109.163,53.689,24,86.341,69.401,36.696,32.173,44.255,16.015,23.628,34.792,86.24,45.983,129.698,154.96
110.397,55.796,28.309,82.294,74.154,40.319,34.286,50.332,19.893,23.439,55.439,72.782,52.314,121.467,129.655
109.144,53.141,28.918,88.323,65.553,50.652,29.44,65.464,22.976,20.474,47.728,73.447,46.057,128.892,131.065
106.922,46.545,21.055,63.727,49.17,42.62,33.91,63.356,19.953,19.709,53.3,73.388,51.525,140.158,173.523
100.233,45.181,25.475,82.29,63.753,38.835,29.503,60.141,21.109,18.564,35.94,87.493,46.582,119.514,155.528
77.885,47.011,19.217,46.384,57.444,39.921,41.138,43.786,23.841,21.941,47.852,84.506,50.821,142.081,194.768
103.7,50.85,28.267,81.144,44.147,37.476,38.548,56.595,16.9,17.425,45.666,95.785,47.07,138.719,184.983
101.868,41.999,19.859,72.912,69.619,36.943,37.682,51.618,19.755,21.469,45.824,95.99,63.445,141.325,170.722
92.893,37.195,24.286,60.704,45.156,32.81,31.687,47.789,22.1,16.027,42.122,65.251,39.813,101.575,97.906
113.437,55.543,27.372,73.796,44.959,39.446,43.837,65.696,19.696,23.005,47.743,74.671,49.28,107.441,146.926
118.093,49.401,25.512,85.543,58.544,45.11,35.532,53.844,22.589,26.727,48.83,63.89,56.443,110.444,147.349
114.098,47.437,21.629,65.095,61.944,40.346,35.963,71.126,22.381,22.918,43.652,74.548,49.301,126.159,185.682
102.516,59.217,25.359,82.735,64.552,38.969,47.031,56.719,21.299,21.174,51.694,79.961,57.943,129.573,140.355
113.545,58.402,24.121,78.383,70.648,37.265,32.027,71.42,20.132,17.225,48.638,74.312,57.705,136.275,149.096
111.161,53.197,26.72,89.298,61.495,48.807,40.475,51.505,19.353,20.976,43.902,93.054,41.626,118.516,191.764
82.198,33.904,18.228,61.034,61.859,36.44,27.532,46.235,18.993,22.815,55.731,89.623,55.012,90.039,128.688
108.356,64.988,31.149,91.929,53.376,46.88,37.413,56.179,24.88,19,47.202,88.068,56.676,129.438,157.004
97.648,50.383,18.247,56.166,47.361,35.56,26.1,51.423,13.395,13.958,40.532,77.497,42.079,102.362,162.687
116.576,62.264,23.062,66.424,73.342,46.11,38.984,53.647,22.908,25.153,65.009,101.342,53.013,123.319,137.54
93.231,53.346,24.325,73.526,48.574,33.867,34.824,58.988,18.734,18.294,40.491,80.751,44.568,103.841,146.676
85.189,44.447,26.722,71.596,55.203,46.722,34.507,61.474,24.245,22.421,50.764,86.631,52.033,118.858,147.035
82.413,46.638,28.259,64.077,49.469,33.19,29.527,56.611,20.199,19.685,45.765,77.208,42.635,115.051,201.197
113.068,54.712,29.111,85.102,58.062,35.774,26.977,65.324,19.563,20.117,52.963,83.157,43.222,114.244,153.894
97.803,49.485,22.961,62.99,54.932,24.984,33.043,45.243,18.408,19.099,44.313,80.339,47.834,124.404,170.672
109.965,51.453,29.157,73.425,67.896,41.945,41.493,60.489,16.646,17.573,48.564,86.85,41.857,111.298,129.011
113.707,39.026,21.098,82.854,57.323,35.47,32.865,67.367,22.872,21.695,49.734,83.561,49.394,96.903,178.55
91.614,34.778,21.942,73.301,54.485,28.686,31.816,50.267,17.553,21.555,44.57,73.329,51.135,129.391,142.069
89.462,44.57,25.087,74.626,60.491,50.539,40.875,60.451,22.445,22.084,41.951,71.526,49.684,86.233,181.716
87.679,38.264,20.774,81.126,67.093,35.89,29.758,58.762,19.882,16.274,39.2,63.535,53.29,100.426,167.214
118.345,53.796,33.235,98.559,70.642,46.482,34.847,57.377,18.335,24.686,37.548,71.212,47.801,142.17,143.208
67.581,53.618,30.167,85.264,50.194,41.734,36.687,50.333,19.914,14.008,49.186,76.27,40.988,119.375,183.191
115.509,53.617,22.597,79.009,61.549,34.467,35.462,69.762,20.926,19.844,39.679,80.939,54.087,124.528,134.154
86.089,52.786,18.944,72.912,47.844,33.913,38.913,54.459,19.69,20.75,47.239,94.702,52.825,80.396,99.345
107.03,57.617,26.167,82.491,60.639,44.965,40.892,41.225,22.801,19.02,37.978,72.909,52.947,121.872,151.462
119.611,53.665,30.142,69.999,49.803,35.954,34.66,56.141,20.55,20.642,50.362,83.893,66.464,150.867,137.945
109.054,47.462,19.595,63.413,45.121,44.699,30.091,47.001,20.383,22.081,41.823,84.133,58.684,132.083,169.287
102.042,56.541,26.631,77.365,60.226,42.286,25.554,42.951,15.421,15.576,37.966,72.812,40.978,109.347,189.633
81.503,42.226,21.647,63.751,53.447,35.333,31.141,38.656,17.495,17.002,47.039,81.598,47.202,142.887,203.163
99.09,54.493,33.444,72.413,55.225,35.141,43.239,45.523,18.412,19.218,50.375,99.632,46.884,113.987,164.393
88.369,55.36,23.516,70.809,59.349,38.254,35.613,51.217,20.994,17.926,47.715,90.925,52.448,88.998,126.897
104.021,47.278,27.839,78.74,61.26,34.077,29.834,51.109,21.85,19.737,44.775,75.344,40.754,108.431,154.951
100.826,44.544,26.627,67.88,69.227,44.984,43.014,41.891,17.94,18.364,58.017,91.835,53.744,135.535,142.339
115.596,47.647,24.474,78.109,61.535,43.861,34.512,56.399,18.672,18.723,47.601,84.653,45.385,90.153,134.571
112.328,37.407,26.554,70.378,54.31,36.535,35.123,48.697,18.21,21.869,44.557,78.233,53.782,119.15,147.111
66.14,48.576,19.924,42.843,59.162,48.809,36.37,57.855,18.554,19.621,38.016,60.559,49.054,117.915,145.408
74.428,53.372,27.094,68.778,69.335,33.591,31.125,50.865,17.623,15.887,44.399,70.537,43.595,147.845,153.333
99.852,52.466,23.713,64.782,60.521,33.136,36.924,46.65,19.321,12.05,40.379,79.46,56.779,142.688,140.452
100.965,46.562,19.889,59.163,54.52,45.221,40.582,55.646,24.156,20.521,43.514,85.104,48.689,127.421,140.957
78.096,36.197,21.781,55.95,35.131,33.8,24.26,41.148,18.238,12.462,45.158,68.154,48.328,154.876,121.508
81.748,49.396,21.729,74.56,67.072,32.361,35.146,69.638,29.595,24.746,38.618,97.315,59.763,111.868,140.115
106.214,51.031,21.834,62.933,60.008,35.119,29.377,41.114,18.53,17.844,41.663,84.24,50.748,136.16,177.641
93.26,51.999,25.409,62.25,42.59,37.401,32.129,47.163,23.723,23.777,42.815,84.381,47.981,109.92,133.871
72.16,48.153,18.762,73.193,67.67,31.596,36.061,45.471,20.238,22.219,44.74,83.72,41.134,140.887,169.648
97.856,55.255,23.18,75.664,56.345,45.648,28.562,52.222,25.063,22.871,41.377,84.325,53.371,84.87,144.774
83.997,52.73,21.962,56.037,64.956,39.664,37.548,43.947,17.524,21.723,48.312,97.874,63.655,124.81,144.593
128.977,62.666,29.846,83.977,56.588,46.359,39.545,69.742,20.948,20.51,53.611,86.893,54.915,129.412,103.981
91.037,54.353,25.812,76.324,56.359,39.472,33.068,55.312,15.803,16.205,51.508,76.807,42.791,116.681,136.672
104.508,47.556,23.976,78.109,60.735,39.102,32.432,42.22,19.423,16.171,39.694,69.846,53.538,126.78,166.896
102.151,50.11,22.503,82.639,45.878,41.901,27.329,48.776,24.939,20.564,50.272,96.12,55.392,145.514,112.567
75.628,47.86,24.966,77.148,60.102,48.254,42.181,41.928,16.597,20.063,36.515,77.408,35.671,90.366,166.551
99.292,48.803,20.645,59.196,42.821,34.22,30.264,54.418,21.86,19.515,34.599,74.999,44.151,151.057,194.241
73.003,52.486,22.657,60.415,65.219,38.484,39.384,54.342,18.076,18.478,39.081,66.44,42.556,126.91,124.379
96.883,49.502,27.614,70.023,51.458,34.772,28.961,56.759,19.388,20.911,45.031,74.833,61.886,137.792,134.811
101.639,47.214,24.696,75.159,54.489,43.483,28.486,47.124,17.223,22.364,44.737,68.998,53.408,101.882,92.901
97.783,50.402,28.8,99.71,60.428,38.694,39.395,63.609,24.468,17.728,53.364,70.602,58.591,143.87,159.233
117.39,37.65,20.305,79.111,65.418,32.816,41.943,40.092,17.942,17.427,46.252,81.798,41.608,121.322,170.891
90.754,43.386,19.07,75.212,45.94,32.983,34.61,54.736,19.164,18.028,41.72,76.402,50.508,129.306,174.4
96.934,59.557,29.298,80.665,68.897,46.664,37.322,51.187,21.362,20.143,41.832,82.329,62.91,145.783,157.137
91.669,50.914,24.874,82.753,71.998,37.695,40.702,51.212,19.239,17.555,39.034,65.478,49.373,168.322,156.643
103.747,49.139,23.138,80.309,42.19,35.348,33.006,63.19,17.593,15.679,50.504,69.603,52.768,115.98,119.033
89.011,42.47,26.491,58.401,63.88,44.435,24.61,46.084,16.956,21.478,38.012,81.237,42.354,106.011,118.253
107.61,59.722,28.859,86.464,60.409,39.599,37.679,52.447,16.907,21.383,41.996,76.428,62.885,96.451,191.491
108.971,61.412,25.933,69.831,67.749,44.963,38.918,65.527,24.23,20.502,42.649,87.614,44.312,146.318,124.592
88.797,42.165,24.249,57.738,67.401,38.875,33.285,67.604,19.159,18.061,51.554,87.815,54.753,101.011,123.49
97.154,47.343,25.654,69.452,58.529,42.502,36.681,47.929,18.129,16.257,47.169,78.206,39.327,140.944,151.289
99.49,41.503,22.531,81.61,65.408,42.856,39.013,61.706,22.734,19.992,53.837,64.954,41.927,139.115,128.69
87.973,52.632,27.651,68.722,52.193,29.167,23.988,55.721,20.106,14.735,30.466,101.799,55.113,159.43,146.486
113.918,56.418,26.631,73.904,50.697,40.176,39.687,56.24,21.551,25.887,46.116,75.252,51.165,136.09,147.094
93.864,43.953,23.558,83.405,56.953,42.307,31.032,55.637,25.578,20.1,41.717,70.264,57.716,132.058,146.725
101.986,46.714,27.395,82.636,62.19,38,33.703,53.625,18.882,18.647,49.752,89.282,52.694,118.629,190.925
80.565,39.047,19.618,79.539,63.183,44.264,39.471,41.576,16.184,12.193,39.931,70.544,51.086,127.6,194.188
101.046,52.914,28.265,80.921,53.259,47.175,39.215,64.351,26.964,19.7,48.412,81.976,58.629,105.498,147.653
103.286,49.022,21.472,53.285,55.254,24.597,38.243,40.115,19.808,14.035,47.294,73.647,39.81,128.554,130.798
104.522,51.812,22.912,89.42,62.683,47.235,31.189,54.527,20.367,21.652,49.538,75.714,55.089,133.887,176.316
111.015,40.872,26.598,68.598,53.925,31.579,45.061,56.174,25.069,19.861,36.82,89.544,57.258,132.805,153.67
122.184,49.797,23.147,70.218,61.004,38.148,31.147,57.532,21.824,19.106,45.692,72.967,54.777,126.774,134.722
71.858,50.591,17.627,57.059,55.376,40.942,35.593,55.134,17.641,16.366,46.885,86.873,53.741,148.727,144.401
88.486,41.499,28.121,63.415,51.604,39.05,42.145,39.29,15.951,19.277,43.809,68.051,55.15,130.869,129.16
91.195,37.781,21.752,51.892,51.956,36.733,38.782,62.507,22.612,18.938,40.994,65.486,49.063,130.766,149.341
95.459,49.927,26.098,76.708,73.268,41.65,34.513,52.849,21.864,21.617,53.453,94.665,58.469,101.612,171.138
93.702,44.278,18.432,68.197,66.148,43.762,35.526,62.376,14.217,22.314,44.516,66.4,36.425,126.667,130.145
86.925,50.428,24.858,56.825,82.328,44.879,43.413,60.781,23.562,16.93,44.289,42.605,49.299,142.998,113.402
97.764,46.047,23.825,68.543,61.018,48.186,36.918,51.565,18.656,13.587,42.643,72.153,47.06,98.635,126.236
87.481,35.308,20.081,62.893,51.239,40.724,29.533,66.613,22.555,22.619,53.142,84.147,49.774,117.015,155.632
126.891,50.825,24.194,65.911,64.579,37.518,42.834,54.405,17.652,18.308,45.218,77.379,56.321,130.228,138.314
90.952,46.86,28.569,63.43,58.16,29.749,23.571,40.277,26.622,16.499,51.374,95.732,64.427,133.16,121.977
92.364,52.74,21.699,77.183,69.637,40.549,39.934,56.514,17.269,22.696,53.941,69.686,57.027,92.621,115.528
72.058,37.193,18.994,62.446,49.897,27.269,25.054,43.696,17.001,20.167,30.96,66.698,46.623,114.231,144.833
107.475,51.623,21.818,55.146,38.645,42.514,37.533,55.86,17.518,19.079,41.849,61.755,39.368,105.476,127.881
106.635,58.912,24.874,76.729,84.856,45.922,46.528,42.32,20.21,22.356,50.18,88.275,52.189,117.262,128.792
100.067,52.764,27.865,88.776,41.199,41.034,31.618,45.96,18.328,20.586,46.238,76.095,43.165,133.154,153.069
117.654,69.276,18.609,71.556,59.024,42.059,32.854,55.816,16.606,17.731,42.087,77.077,38.431,98.697,127.349
107.461,57.398,29.114,74.538,64.559,42.569,33.188,47.502,22.616,18.499,58.182,86.12,51.707,109.714,125.318
102.022,65.07,36.405,78.661,66.393,56.861,37.782,71.907,22.538,23.594,54.595,94.213,60.348,103.441,123.121
92.609,53.304,28.793,76.719,52.664,42.421,30.463,38.911,14.915,14.697,52.263,64.544,51.998,142.846,115.845
145.904,46.553,21.952,66.864,56.782,47.509,40.965,63.402,21.832,18.825,49.069,78.826,44.93,132.545,166.519
111.401,64.882,24.765,75.423,47.047,34.956,36.105,52.901,18.474,23.605,43.279,83.865,45.398,106.094,156.336
111.843,47.944,25.195,70.014,61.137,44.314,34.563,71.428,19.687,21.661,38.768,89.735,49.082,143.58,135.511
76.8,41.432,26.159,72.095,51.343,37.791,33.369,48.152,13.476,14.468,46.403,71.946,52.221,131.898,150.859
110.863,48.427,23.406,78.757,52.038,41.578,37.736,59.733,20.515,22.049,42.591,81.032,49.744,137.974,163.9
103.173,54.85,18.037,63.326,53.08,37.551,32.345,49.149,15.076,19.664,36.572,81.288,42.112,107.348,167.191
87.901,44.173,30.865,80.781,64.989,44.798,39.323,62.098,23.335,24.707,60.47,90.847,60.381,133.704,114.979
54.02,49.209,24.619,62.838,61.26,40.139,41.542,51.962,21.705,21.132,45.375,72.411,39.143,122.377,135.582
93.937,49.036,23.231,69.154,48.985,31.24,30.379,64.296,16.9,20.079,42.337,86.198,43.996,151.898,152.769
120.002,51.897,31.718,81.59,70.049,41.684,34.696,50.111,17.135,16.298,49.098,87.066,58.588,127.524,193.674
66.808,41.821,25.107,55.951,62.144,41.978,29.898,52.33,17.28,21.64,49.415,81.604,49.618,140.04,158.164
112.4,43.664,25.05,69.884,63.499,37.096,34.877,49.808,19.259,20.901,34.225,74.794,37.273,107.15,159.211
105.008,54.992,27.843,79.816,57.671,31.512,38.35,40.486,17.047,20.175,47.175,74.195,44.947,132.002,174.476
102.247,56.336,26.516,75.415,55.727,42.61,32.685,51.859,15.421,17.961,45.154,75.617,43.253,137.168,142.637
105.478,41.575,25.252,68.628,57.624,33.209,34.618,51.694,21.341,21.584,45.24,82.843,53.017,106.685,179.026
99.054,40.393,26.757,64.7,62.291,46.177,32.607,56.732,21.498,20.914,49.077,97.205,57.866,115.883,132.821
100.495,56.522,26.852,71.226,72.606,49.546,31.247,45.396,19.094,16.112,41.394,84.286,36.026,118.935,189.559
112.034,54.005,25.198,70.344,53.707,44.242,29.894,51.936,21.456,21.467,32.612,64.969,45.987,151.433,135.879
108.469,58.753,22.758,86.669,46.895,44.021,30.992,60.824,21.922,23.052,46.371,80.666,60.01,89.394,206.048
116.642,50.461,27.625,79.39,60.408,46.72,34.616,56.587,19.672,20.791,50.502,96.371,62.79,117.213,173.972
89.465,54.429,22.76,75.473,52.149,44.701,30.572,48.222,14.607,14.923,44.187,83.482,49.377,116.104,148.731
100.976,56.418,24.147,68.557,49.159,31.231,36.171,73.643,17.51,20.204,54.231,94.259,48.851,148.847,150.523
122.183,54.854,30.252,83.307,58.233,48.831,45.235,67.628,22.818,22.064,49.625,94.821,43.432,115.223,110.801
92.693,48.593,25.95,72.095,68.524,46.249,36.697,38.989,16.868,17.169,47.733,74.979,47.365,123.22,150.048
102.37,49.309,24.436,74.543,51.326,35.753,28.431,56.216,18.124,14.061,48.492,75.528,49.617,111.839,174.174
84.602,52.529,25.824,85.845,58.239,43.753,44.982,59.766,17.633,20.305,47.891,87.412,53.305,144.213,132.108
121.441,45.365,22.99,90.661,63.992,40.365,32.826,38.866,16.836,22.448,36.805,71.115,52.116,106.914,128.918
74.896,45.99,28.678,73.359,53.01,43.705,26.578,69.688,23.438,24.779,57.756,94.375,61.879,132.418,172.116
84.758,44.14,30.857,89.919,72.668,51.041,39.546,65.301,18.234,21.262,52.463,79.989,48.64,121.437,131.984
108.482,56.159,27.998,70.315,51.821,30.371,33.906,76.042,18.736,21.086,35.289,93.093,49.228,109.855,135.09
129.874,66.405,30.15,71.815,59.064,50.208,42.696,71.442,22.473,19.631,50.057,69.518,57.157,145.382,115.571
94.344,53.472,21.659,56.789,65.854,33.975,33.057,53.147,19.337,21.488,47.249,65.821,51.288,124.587,176.221
110.184,56.408,26.481,85.081,72.569,40.106,35.291,55.782,23.788,21.101,40.91,82.367,57.305,132.255,167.271
101.11,44.591,24.241,84.247,48.816,40.794,47.768,48.107,13.597,22.086,49.572,64.271,54.812,136.74,157.058
79.184,50.922,24.069,69.037,67.378,35.978,31.216,38.421,15.109,17.977,34.564,75.011,50.146,122.814,153.315
103.516,34.683,28.981,76.701,67.655,43.379,37.833,58.69,15.603,21.597,49.983,86.172,59.09,111.112,174.612
86.93,40.41,18.973,74.21,69.328,43.989,34.07,49.85,21.927,17.789,50.711,94.394,60.605,140.83,121.871
131.2,55.485,27.134,63.469,49.216,32.69,32.71,40.669,18.76,19.672,36.038,68.62,54.609,107.898,173.126
109.415,54.998,26.514,84.544,51.144,31.049,32.82,53.553,20.073,21.236,38.604,90.676,56.865,140.487,131.82
79.32,40.472,24.149,73.234,51.037,40.616,41.752,53.168,16.505,19.373,32.907,87.297,49.976,114.827,152.878
74.251,39.168,19.451,57.339,60.08,41.811,31.955,49.271,18.071,19.541,41.956,84.673,43.616,120.386,181.283
73.967,34.415,22.001,73.401,58.291,39.858,26.742,55.112,16.003,20.408,42.919,96.98,32.421,123.014,152.216
114.192,47.747,24.839,71.643,49.443,36.448,24.308,60.152,24.578,17.153,46.398,91.322,44.625,113.281,159.922
97.823,43.301,22.71,59.042,62.209,40.796,39.143,54.804,21.565,21.341,42.821,64.773,46.562,108.396,139.093
92.894,39.628,21.566,58.167,47.282,41.357,37.981,57.895,21.056,18.135,42.468,75.7,50.694,140.232,177.428
89.529,44.245,21.675,76.316,60.178,39.428,37.866,50.052,22.49,16.751,54.479,66.496,54.733,133.647,164.482
107.633,56.87,27.086,78.075,76.226,39.904,38.777,54.198,17.728,20.251,40.474,58.262,47.082,118.24,144.366
135.153,56.903,30.286,81.488,61.829,48.868,32.273,47.956,22.874,20.206,43.746,81.617,47.519,109.284,158.724
102.381,49.512,27.144,78.285,69.131,43.783,44.612,64.176,21.717,19.053,43.515,70.052,45.432,109.952,150.174
127.751,53.945,32.393,92.874,69.292,37.792,42.773,65.549,17.983,20.424,49.385,97.541,53.907,119.619,159.058
118.503,49.14,26.113,76.373,56.234,43.363,42.346,54.412,21.658,19.836,52.992,80.152,59.395,140.929,92.014
78.206,44.45,26.741,73.144,48.711,38.319,36.917,56.778,17.587,18.648,36.872,84.012,52.22,108.499,154.555
99.573,65.584,27.117,80.599,67.8,43.509,33.095,59.517,21.529,26.171,48.45,103.837,60.748,139.02,156.797
95.115,46.482,23.07,73.199,70.944,54.004,41.708,61.059,18.61,23.898,40.735,84.333,51.009,120.616,161.463
80.968,29.333,23.506,69.299,65.581,28.76,36.62,60.13,19.572,20.664,46.014,65.513,49.343,132.346,182.914
112.507,42.365,22.233,73.803,41.832,35.775,28.756,55.688,19.17,17.42,52.291,63.501,48.938,126.83,141.702
104.672,50.393,20.617,62.371,56.342,40.899,43.206,69.583,23.724,20.771,37.847,80.547,49.335,140.063,139.929
77.13,47.3,20.744,80.391,56.275,34.337,32.4,56.071,21.128,15.631,50.485,74.603,42.704,161.803,189.334
97.628,48.982,23.743,87.477,50.933,41.395,31.412,51.72,23.658,20.338,51.007,94.643,58.548,93.225,140.235
103.507,57.217,25.177,87.371,59.481,33.258,32.939,56.892,22.293,25.002,45.857,90.341,56.623,90.397,129.95
98.061,39.332,19.77,74.763,60.704,45.58,32.912,50.174,18.977,13.984,42.302,89.535,43.47,112.122,165.226
125.187,54.96,25.115,81.06,62.672,40.014,44.933,52.829,17.144,22.835,35.677,81.122,42.974,127.779,143.898
102.248,46.598,28.409,62.838,48.282,36.986,32.506,37.532,15.595,16.096,37.32,68.441,38.287,145.664,141.293
91.516,42.683,24.544,76.688,57.325,34.558,35.544,51.958,20.12,15.854,40.165,90.198,49.831,135.85,144.852
104.769,52.933,20.532,83.016,72.49,44.2,37.485,53.17,18.676,23.184,45.446,83.137,50.891,138.228,162.408
111.805,56.935,25.268,92.262,54.673,38.995,28.869,56.676,21.338,20.384,47.736,94.981,47.842,118.497,144.885
116.063,58.702,28.945,69.956,56.087,43.651,40.901,56.378,23.636,25.084,54.468,99.54,64.903,114.047,152.225
85.79,46.057,19.332,70.538,55.511,37.49,34.483,53.872,18.881,18.212,30.622,71.609,26.45,106.029,138.008
127.191,55.163,30.381,69.501,76.751,43.016,36.383,66.663,25.971,21.613,60.061,85.714,68.672,120.546,99.484
92.999,57.128,30.878,77.217,70.737,46.617,40.077,60.905,21.655,17.092,41.131,102.613,58.41,124.962,131.742
119.162,51.122,26.018,82.138,64.661,39.855,29.137,49.226,23.619,21.453,54.36,65.583,40.045,110.475,127.866
78.566,41.796,23.187,64.926,58.471,41.295,33.189,69.432,18.549,20.215,50.407,91.416,56.419,108.726,164
86.791,54.473,25.808,69.57,67.496,37.32,37.928,55.176,20.058,21.303,54.152,88.17,63.464,168.412,155.56
121.103,57.042,26.382,81.688,68.652,35.628,33.473,47.355,19.075,21.145,51.189,74.083,42.836,112.475,154.865
111.579,44.471,27.238,79.747,43.042,36.49,24.596,53.24,18.008,20.068,42.332,70.818,50.263,117.304,101.967
82.999,37.176,25.921,63.356,36.721,35.347,33.117,66.669,14.654,16.222,41.635,80.834,38.141,94.231,153.194
118.515,63.712,26.307,74.695,57.029,36.123,28.954,53.278,16.68,17.275,44.008,90.612,49.737,124.42,173.903
110.287,38.279,24.771,72.997,49.521,39.449,30.854,50.678,19.951,22.57,32.126,78.605,45.19,157.652,168.22
94.679,54.639,31.19,81.122,72.353,42.594,43.374,50.323,20.747,25.531,49.061,102.319,45.642,100.534,155.553
93.513,52.813,24.601,58.032,58.181,44.054,45.783,54.26,20.894,21.03,50.578,91.082,48.188,125.109,133.377
93.947,48.409,23.818,54.436,57.616,34.672,31.741,54.031,14.096,21.459,39.806,52.193,46.846,99.493,146.995
97.066,54.314,27.254,76.575,64.412,38.353,25.772,61.462,19.649,22.024,38.791,72.733,38.003,125.034,128.033
79.6,34.576,22.812,81.244,66.616,37.301,32.913,41.307,20.267,20.191,46.522,83.009,53.66,140.207,141.516
100.096,42.135,22.373,61.05,52.742,54.787,30.01,45.477,19.722,17.831,42.967,66.718,56.007,120.466,160.335
117.899,68.94,30.777,82.896,57.381,46.409,38.543,64.754,24.803,20.928,46.263,112.236,45.742,117.52,138.506
95.96,68.212,31.577,86.935,66.529,42.637,34.658,66.489,24.193,23.86,55.01,95.29,63.204,101.682,183.814
85.391,56.455,30.356,71.663,56.831,37.522,36.643,47.862,19.913,20.551,37.381,65.221,42.528,122.732,160.421
105.157,52.206,26.468,93.061,60.717,41.545,35.04,56.21,24.573,20.517,39.129,76.472,46.701,122.844,182.615
102.505,49.18,28.229,69.153,62.63,39.239,37.005,61.057,23.367,19.993,33.35,74.577,48.076,119.858,134.353
116.645,65.531,31.102,100.781,60.647,46.067,39.47,57.606,20.815,26.316,54.806,95.485,65.759,106.116,155.356
93.79,48.204,21.639,69.969,64.205,38.427,30.311,50.998,14.276,13.034,40.066,81.228,57.77,135.746,146.892
69.234,36.658,22.66,48.548,54.413,40.735,31.895,46.731,19.013,16.859,40.443,74.991,35.315,129.188,109.498
100.354,43.909,21.439,72.546,67.309,32.395,41.551,48.992,19.755,17.368,41.936,72.111,47.1,124.21,139.33
95.097,45.404,26.591,67.461,53.18,37.321,40.965,41.069,21.11,17.581,39.311,65.804,40.862,137.313,199.035
76.369,45.802,21.136,79.386,35.144,50.121,30.295,39.046,14.88,19.149,44.547,91.635,66.713,97.532,115.988
91.353,40.915,22.241,96.73,64.12,41.807,40.576,66.675,22.638,25.115,49.619,71.768,54.21,114.612,178.484
93.138,43.057,23.886,81.251,64.045,29.832,28.762,79.629,22.979,22.768,45.095,71.562,58.187,146.674,200.647
106.439,38.768,17.351,73.244,56.402,26.198,27.899,56.692,21.802,16.062,42.659,56.294,39.026,87.548,177.88
61.637,52.265,22.86,73.226,66.887,30.22,35.151,48.788,16.635,11.219,38.673,51.836,39.874,116.774,150.242
115.372,42.708,27.928,90.784,76.546,42.269,29.737,52.092,18.868,23.54,53.854,88.785,58.275,147.909,164.508
96.757,49.17,27.166,62.927,61.943,40.737,36.662,70.235,22.575,19.666,55.967,76.83,42.209,98.457,161.536
80.864,52.657,28.098,81.116,56.503,44.77,30.315,52.259,18.917,19.999,51.545,82.261,51.636,115.154,127.091
130.623,58.872,33.741,71.349,70.124,43.278,35.794,63.198,21.414,23.37,54.723,94.562,55.127,123.768,155.479
126.438,57.17,23.122,88.606,64.523,48.118,39.674,57.68,15.993,20.875,43.952,90.562,45.826,149.787,166.807
76.105,37.545,25.126,49.011,64.882,35.645,35.452,49.55,16.874,16.719,50.448,90.865,51.643,144.084,165.633
99.251,34.811,25.544,64.888,59.491,37.38,31.817,54.033,17.737,15.935,30.558,64.916,37.663,112.245,165.484
103.899,52.668,30.843,81.314,68.559,46.917,37.523,66.467,20.769,20.063,49.907,93.609,59.735,135.977,189.961
82.647,49.831,21.262,74.014,66.551,32.201,38.347,53.064,18.373,22.792,40.877,74.567,60.216,118.021,146.688
88.483,49.001,23.099,85.025,65.858,40.684,37.008,71.158,20.792,21.841,50.751,80.897,49.208,113.044,145.805
116.939,56.697,24.387,72.104,67.668,43.828,37.432,74.413,21.613,21.845,51.578,79.708,60.191,116.442,160.805
100.408,45.38,19.656,58.766,56.133,35.674,35.756,49.695,17.138,17.077,40.624,75.128,56.439,120.428,129.299
82.151,53.558,21.282,98.407,60.216,34.079,31.148,53.281,16.287,20.673,46.066,85.614,53.9,121.006,148.529
93.479,45.662,27.982,75.132,54.045,31.789,36.011,59.865,19.334,15.522,41.394,69.395,49.881,144.472,130.981
